,iso_code,continent,location,date,total_cases,new_cases,total_deaths,new_deaths,total_cases_per_million,new_cases_per_million,total_deaths_per_million,new_deaths_per_million,new_tests,total_tests,total_tests_per_thousand,new_tests_per_thousand,new_tests_smoothed,new_tests_smoothed_per_thousand,tests_per_case,positive_rate,tests_units,stringency_index,population,population_density,median_age,aged_65_older,aged_70_older,gdp_per_capita,extreme_poverty,cardiovasc_death_rate,diabetes_prevalence,female_smokers,male_smokers,handwashing_facilities,hospital_beds_per_thousand,life_expectancy
34138,USA,North America,United States,2019-12-31,0.0,0.0,0.0,0.0,0.0,0.0,0.0,0.0,,,,,,,,,,,331002647.0,35.608000000000004,38.3,15.413,9.732000000000001,54225.445999999996,1.2,151.089,10.79,19.1,24.6,,2.77,78.86
34139,USA,North America,United States,2020-01-01,0.0,0.0,0.0,0.0,0.0,0.0,0.0,0.0,,,,,,,,,,0.0,331002647.0,35.608000000000004,38.3,15.413,9.732000000000001,54225.445999999996,1.2,151.089,10.79,19.1,24.6,,2.77,78.86
34140,USA,North America,United States,2020-01-02,0.0,0.0,0.0,0.0,0.0,0.0,0.0,0.0,,,,,,,,,,0.0,331002647.0,35.608000000000004,38.3,15.413,9.732000000000001,54225.445999999996,1.2,151.089,10.79,19.1,24.6,,2.77,78.86
34141,USA,North America,United States,2020-01-03,0.0,0.0,0.0,0.0,0.0,0.0,0.0,0.0,,,,,,,,,,0.0,331002647.0,35.608000000000004,38.3,15.413,9.732000000000001,54225.445999999996,1.2,151.089,10.79,19.1,24.6,,2.77,78.86
34142,USA,North America,United States,2020-01-04,0.0,0.0,0.0,0.0,0.0,0.0,0.0,0.0,,,,,,,,,,0.0,331002647.0,35.608000000000004,38.3,15.413,9.732000000000001,54225.445999999996,1.2,151.089,10.79,19.1,24.6,,2.77,78.86
34143,USA,North America,United States,2020-01-05,0.0,0.0,0.0,0.0,0.0,0.0,0.0,0.0,,,,,,,,,,0.0,331002647.0,35.608000000000004,38.3,15.413,9.732000000000001,54225.445999999996,1.2,151.089,10.79,19.1,24.6,,2.77,78.86
34144,USA,North America,United States,2020-01-06,0.0,0.0,0.0,0.0,0.0,0.0,0.0,0.0,,,,,,,,,,0.0,331002647.0,35.608000000000004,38.3,15.413,9.732000000000001,54225.445999999996,1.2,151.089,10.79,19.1,24.6,,2.77,78.86
34145,USA,North America,United States,2020-01-07,0.0,0.0,0.0,0.0,0.0,0.0,0.0,0.0,,,,,,,,,,0.0,331002647.0,35.608000000000004,38.3,15.413,9.732000000000001,54225.445999999996,1.2,151.089,10.79,19.1,24.6,,2.77,78.86
34146,USA,North America,United States,2020-01-08,0.0,0.0,0.0,0.0,0.0,0.0,0.0,0.0,,,,,,,,,,0.0,331002647.0,35.608000000000004,38.3,15.413,9.732000000000001,54225.445999999996,1.2,151.089,10.79,19.1,24.6,,2.77,78.86
34147,USA,North America,United States,2020-01-09,0.0,0.0,0.0,0.0,0.0,0.0,0.0,0.0,,,,,,,,,,0.0,331002647.0,35.608000000000004,38.3,15.413,9.732000000000001,54225.445999999996,1.2,151.089,10.79,19.1,24.6,,2.77,78.86
34148,USA,North America,United States,2020-01-10,0.0,0.0,0.0,0.0,0.0,0.0,0.0,0.0,,,,,,,,,,0.0,331002647.0,35.608000000000004,38.3,15.413,9.732000000000001,54225.445999999996,1.2,151.089,10.79,19.1,24.6,,2.77,78.86
34149,USA,North America,United States,2020-01-11,0.0,0.0,0.0,0.0,0.0,0.0,0.0,0.0,,,,,,,,,,0.0,331002647.0,35.608000000000004,38.3,15.413,9.732000000000001,54225.445999999996,1.2,151.089,10.79,19.1,24.6,,2.77,78.86
34150,USA,North America,United States,2020-01-12,0.0,0.0,0.0,0.0,0.0,0.0,0.0,0.0,,,,,,,,,,0.0,331002647.0,35.608000000000004,38.3,15.413,9.732000000000001,54225.445999999996,1.2,151.089,10.79,19.1,24.6,,2.77,78.86
34151,USA,North America,United States,2020-01-13,0.0,0.0,0.0,0.0,0.0,0.0,0.0,0.0,,,,,,,,,,0.0,331002647.0,35.608000000000004,38.3,15.413,9.732000000000001,54225.445999999996,1.2,151.089,10.79,19.1,24.6,,2.77,78.86
34152,USA,North America,United States,2020-01-14,0.0,0.0,0.0,0.0,0.0,0.0,0.0,0.0,,,,,,,,,,0.0,331002647.0,35.608000000000004,38.3,15.413,9.732000000000001,54225.445999999996,1.2,151.089,10.79,19.1,24.6,,2.77,78.86
34153,USA,North America,United States,2020-01-15,0.0,0.0,0.0,0.0,0.0,0.0,0.0,0.0,,,,,,,,,,0.0,331002647.0,35.608000000000004,38.3,15.413,9.732000000000001,54225.445999999996,1.2,151.089,10.79,19.1,24.6,,2.77,78.86
34154,USA,North America,United States,2020-01-16,0.0,0.0,0.0,0.0,0.0,0.0,0.0,0.0,,,,,,,,,,0.0,331002647.0,35.608000000000004,38.3,15.413,9.732000000000001,54225.445999999996,1.2,151.089,10.79,19.1,24.6,,2.77,78.86
34155,USA,North America,United States,2020-01-17,0.0,0.0,0.0,0.0,0.0,0.0,0.0,0.0,,,,,,,,,,0.0,331002647.0,35.608000000000004,38.3,15.413,9.732000000000001,54225.445999999996,1.2,151.089,10.79,19.1,24.6,,2.77,78.86
34156,USA,North America,United States,2020-01-18,0.0,0.0,0.0,0.0,0.0,0.0,0.0,0.0,,,,,,,,,,0.0,331002647.0,35.608000000000004,38.3,15.413,9.732000000000001,54225.445999999996,1.2,151.089,10.79,19.1,24.6,,2.77,78.86
34157,USA,North America,United States,2020-01-19,0.0,0.0,0.0,0.0,0.0,0.0,0.0,0.0,,,,,,,,,,0.0,331002647.0,35.608000000000004,38.3,15.413,9.732000000000001,54225.445999999996,1.2,151.089,10.79,19.1,24.6,,2.77,78.86
34158,USA,North America,United States,2020-01-20,0.0,0.0,0.0,0.0,0.0,0.0,0.0,0.0,,,,,,,,,,0.0,331002647.0,35.608000000000004,38.3,15.413,9.732000000000001,54225.445999999996,1.2,151.089,10.79,19.1,24.6,,2.77,78.86
34159,USA,North America,United States,2020-01-21,1.0,1.0,0.0,0.0,0.003,0.003,0.0,0.0,,,,,,,,,,0.0,331002647.0,35.608000000000004,38.3,15.413,9.732000000000001,54225.445999999996,1.2,151.089,10.79,19.1,24.6,,2.77,78.86
34160,USA,North America,United States,2020-01-22,1.0,0.0,0.0,0.0,0.003,0.0,0.0,0.0,,,,,,,,,,0.0,331002647.0,35.608000000000004,38.3,15.413,9.732000000000001,54225.445999999996,1.2,151.089,10.79,19.1,24.6,,2.77,78.86
34161,USA,North America,United States,2020-01-23,1.0,0.0,0.0,0.0,0.003,0.0,0.0,0.0,,,,,,,,,,0.0,331002647.0,35.608000000000004,38.3,15.413,9.732000000000001,54225.445999999996,1.2,151.089,10.79,19.1,24.6,,2.77,78.86
34162,USA,North America,United States,2020-01-24,1.0,0.0,0.0,0.0,0.003,0.0,0.0,0.0,,,,,,,,,,0.0,331002647.0,35.608000000000004,38.3,15.413,9.732000000000001,54225.445999999996,1.2,151.089,10.79,19.1,24.6,,2.77,78.86
34163,USA,North America,United States,2020-01-25,2.0,1.0,0.0,0.0,0.006,0.003,0.0,0.0,,,,,,,,,,0.0,331002647.0,35.608000000000004,38.3,15.413,9.732000000000001,54225.445999999996,1.2,151.089,10.79,19.1,24.6,,2.77,78.86
34164,USA,North America,United States,2020-01-26,2.0,0.0,0.0,0.0,0.006,0.0,0.0,0.0,,,,,,,,,,0.0,331002647.0,35.608000000000004,38.3,15.413,9.732000000000001,54225.445999999996,1.2,151.089,10.79,19.1,24.6,,2.77,78.86
34165,USA,North America,United States,2020-01-27,5.0,3.0,0.0,0.0,0.015,0.009000000000000001,0.0,0.0,,,,,,,,,,0.0,331002647.0,35.608000000000004,38.3,15.413,9.732000000000001,54225.445999999996,1.2,151.089,10.79,19.1,24.6,,2.77,78.86
34166,USA,North America,United States,2020-01-28,5.0,0.0,0.0,0.0,0.015,0.0,0.0,0.0,,,,,,,,,,0.0,331002647.0,35.608000000000004,38.3,15.413,9.732000000000001,54225.445999999996,1.2,151.089,10.79,19.1,24.6,,2.77,78.86
34167,USA,North America,United States,2020-01-29,5.0,0.0,0.0,0.0,0.015,0.0,0.0,0.0,,,,,,,,,,0.0,331002647.0,35.608000000000004,38.3,15.413,9.732000000000001,54225.445999999996,1.2,151.089,10.79,19.1,24.6,,2.77,78.86
34168,USA,North America,United States,2020-01-30,5.0,0.0,0.0,0.0,0.015,0.0,0.0,0.0,,,,,,,,,,0.0,331002647.0,35.608000000000004,38.3,15.413,9.732000000000001,54225.445999999996,1.2,151.089,10.79,19.1,24.6,,2.77,78.86
34169,USA,North America,United States,2020-01-31,6.0,1.0,0.0,0.0,0.018000000000000002,0.003,0.0,0.0,,,,,,,,,,0.0,331002647.0,35.608000000000004,38.3,15.413,9.732000000000001,54225.445999999996,1.2,151.089,10.79,19.1,24.6,,2.77,78.86
34170,USA,North America,United States,2020-02-01,7.0,1.0,0.0,0.0,0.021,0.003,0.0,0.0,,,,,,,,,,0.0,331002647.0,35.608000000000004,38.3,15.413,9.732000000000001,54225.445999999996,1.2,151.089,10.79,19.1,24.6,,2.77,78.86
34171,USA,North America,United States,2020-02-02,8.0,1.0,0.0,0.0,0.024,0.003,0.0,0.0,,,,,,,,,,5.56,331002647.0,35.608000000000004,38.3,15.413,9.732000000000001,54225.445999999996,1.2,151.089,10.79,19.1,24.6,,2.77,78.86
34172,USA,North America,United States,2020-02-03,11.0,3.0,0.0,0.0,0.033,0.009000000000000001,0.0,0.0,,,,,,,,,,5.56,331002647.0,35.608000000000004,38.3,15.413,9.732000000000001,54225.445999999996,1.2,151.089,10.79,19.1,24.6,,2.77,78.86
34173,USA,North America,United States,2020-02-04,11.0,0.0,0.0,0.0,0.033,0.0,0.0,0.0,,,,,,,,,,5.56,331002647.0,35.608000000000004,38.3,15.413,9.732000000000001,54225.445999999996,1.2,151.089,10.79,19.1,24.6,,2.77,78.86
34174,USA,North America,United States,2020-02-05,11.0,0.0,0.0,0.0,0.033,0.0,0.0,0.0,,,,,,,,,,5.56,331002647.0,35.608000000000004,38.3,15.413,9.732000000000001,54225.445999999996,1.2,151.089,10.79,19.1,24.6,,2.77,78.86
34175,USA,North America,United States,2020-02-06,12.0,1.0,0.0,0.0,0.036000000000000004,0.003,0.0,0.0,,,,,,,,,,5.56,331002647.0,35.608000000000004,38.3,15.413,9.732000000000001,54225.445999999996,1.2,151.089,10.79,19.1,24.6,,2.77,78.86
34176,USA,North America,United States,2020-02-07,12.0,0.0,0.0,0.0,0.036000000000000004,0.0,0.0,0.0,,,,,,,,,,5.56,331002647.0,35.608000000000004,38.3,15.413,9.732000000000001,54225.445999999996,1.2,151.089,10.79,19.1,24.6,,2.77,78.86
34177,USA,North America,United States,2020-02-08,12.0,0.0,0.0,0.0,0.036000000000000004,0.0,0.0,0.0,,,,,,,,,,5.56,331002647.0,35.608000000000004,38.3,15.413,9.732000000000001,54225.445999999996,1.2,151.089,10.79,19.1,24.6,,2.77,78.86
34178,USA,North America,United States,2020-02-09,12.0,0.0,0.0,0.0,0.036000000000000004,0.0,0.0,0.0,,,,,,,,,,5.56,331002647.0,35.608000000000004,38.3,15.413,9.732000000000001,54225.445999999996,1.2,151.089,10.79,19.1,24.6,,2.77,78.86
34179,USA,North America,United States,2020-02-10,12.0,0.0,0.0,0.0,0.036000000000000004,0.0,0.0,0.0,,,,,,,,,,5.56,331002647.0,35.608000000000004,38.3,15.413,9.732000000000001,54225.445999999996,1.2,151.089,10.79,19.1,24.6,,2.77,78.86
34180,USA,North America,United States,2020-02-11,13.0,1.0,0.0,0.0,0.039,0.003,0.0,0.0,,,,,,,,,,5.56,331002647.0,35.608000000000004,38.3,15.413,9.732000000000001,54225.445999999996,1.2,151.089,10.79,19.1,24.6,,2.77,78.86
34181,USA,North America,United States,2020-02-12,13.0,0.0,0.0,0.0,0.039,0.0,0.0,0.0,,,,,,,,,,5.56,331002647.0,35.608000000000004,38.3,15.413,9.732000000000001,54225.445999999996,1.2,151.089,10.79,19.1,24.6,,2.77,78.86
34182,USA,North America,United States,2020-02-13,14.0,1.0,0.0,0.0,0.042,0.003,0.0,0.0,,,,,,,,,,5.56,331002647.0,35.608000000000004,38.3,15.413,9.732000000000001,54225.445999999996,1.2,151.089,10.79,19.1,24.6,,2.77,78.86
34183,USA,North America,United States,2020-02-14,15.0,1.0,0.0,0.0,0.045,0.003,0.0,0.0,,,,,,,,,,5.56,331002647.0,35.608000000000004,38.3,15.413,9.732000000000001,54225.445999999996,1.2,151.089,10.79,19.1,24.6,,2.77,78.86
34184,USA,North America,United States,2020-02-15,15.0,0.0,0.0,0.0,0.045,0.0,0.0,0.0,,,,,,,,,,5.56,331002647.0,35.608000000000004,38.3,15.413,9.732000000000001,54225.445999999996,1.2,151.089,10.79,19.1,24.6,,2.77,78.86
34185,USA,North America,United States,2020-02-16,15.0,0.0,0.0,0.0,0.045,0.0,0.0,0.0,,,,,,,,,,5.56,331002647.0,35.608000000000004,38.3,15.413,9.732000000000001,54225.445999999996,1.2,151.089,10.79,19.1,24.6,,2.77,78.86
34186,USA,North America,United States,2020-02-17,15.0,0.0,0.0,0.0,0.045,0.0,0.0,0.0,,,,,,,,,,5.56,331002647.0,35.608000000000004,38.3,15.413,9.732000000000001,54225.445999999996,1.2,151.089,10.79,19.1,24.6,,2.77,78.86
34187,USA,North America,United States,2020-02-18,15.0,0.0,0.0,0.0,0.045,0.0,0.0,0.0,,,,,,,,,,5.56,331002647.0,35.608000000000004,38.3,15.413,9.732000000000001,54225.445999999996,1.2,151.089,10.79,19.1,24.6,,2.77,78.86
34188,USA,North America,United States,2020-02-19,15.0,0.0,0.0,0.0,0.045,0.0,0.0,0.0,,,,,,,,,,5.56,331002647.0,35.608000000000004,38.3,15.413,9.732000000000001,54225.445999999996,1.2,151.089,10.79,19.1,24.6,,2.77,78.86
34189,USA,North America,United States,2020-02-20,15.0,0.0,0.0,0.0,0.045,0.0,0.0,0.0,,,,,,,,,,5.56,331002647.0,35.608000000000004,38.3,15.413,9.732000000000001,54225.445999999996,1.2,151.089,10.79,19.1,24.6,,2.77,78.86
34190,USA,North America,United States,2020-02-21,16.0,1.0,0.0,0.0,0.048,0.003,0.0,0.0,,,,,,,,,,5.56,331002647.0,35.608000000000004,38.3,15.413,9.732000000000001,54225.445999999996,1.2,151.089,10.79,19.1,24.6,,2.77,78.86
34191,USA,North America,United States,2020-02-22,35.0,19.0,0.0,0.0,0.106,0.057,0.0,0.0,,,,,,,,,,5.56,331002647.0,35.608000000000004,38.3,15.413,9.732000000000001,54225.445999999996,1.2,151.089,10.79,19.1,24.6,,2.77,78.86
34192,USA,North America,United States,2020-02-23,35.0,0.0,0.0,0.0,0.106,0.0,0.0,0.0,,,,,,,,,,5.56,331002647.0,35.608000000000004,38.3,15.413,9.732000000000001,54225.445999999996,1.2,151.089,10.79,19.1,24.6,,2.77,78.86
34193,USA,North America,United States,2020-02-24,35.0,0.0,0.0,0.0,0.106,0.0,0.0,0.0,,,,,,,,,,5.56,331002647.0,35.608000000000004,38.3,15.413,9.732000000000001,54225.445999999996,1.2,151.089,10.79,19.1,24.6,,2.77,78.86
34194,USA,North America,United States,2020-02-25,53.0,18.0,0.0,0.0,0.16,0.054000000000000006,0.0,0.0,,,,,,,,,,5.56,331002647.0,35.608000000000004,38.3,15.413,9.732000000000001,54225.445999999996,1.2,151.089,10.79,19.1,24.6,,2.77,78.86
34195,USA,North America,United States,2020-02-26,53.0,0.0,0.0,0.0,0.16,0.0,0.0,0.0,,,,,,,,,,5.56,331002647.0,35.608000000000004,38.3,15.413,9.732000000000001,54225.445999999996,1.2,151.089,10.79,19.1,24.6,,2.77,78.86
34196,USA,North America,United States,2020-02-27,59.0,6.0,0.0,0.0,0.17800000000000002,0.018000000000000002,0.0,0.0,,,,,,,,,,5.56,331002647.0,35.608000000000004,38.3,15.413,9.732000000000001,54225.445999999996,1.2,151.089,10.79,19.1,24.6,,2.77,78.86
34197,USA,North America,United States,2020-02-28,60.0,1.0,0.0,0.0,0.18100000000000002,0.003,0.0,0.0,,,,,,,,,,5.56,331002647.0,35.608000000000004,38.3,15.413,9.732000000000001,54225.445999999996,1.2,151.089,10.79,19.1,24.6,,2.77,78.86
34198,USA,North America,United States,2020-02-29,66.0,6.0,0.0,0.0,0.19899999999999998,0.018000000000000002,0.0,0.0,,,,,,,,,,5.56,331002647.0,35.608000000000004,38.3,15.413,9.732000000000001,54225.445999999996,1.2,151.089,10.79,19.1,24.6,,2.77,78.86
34199,USA,North America,United States,2020-03-01,69.0,3.0,1.0,1.0,0.20800000000000002,0.009000000000000001,0.003,0.003,,,,,,,,,,8.33,331002647.0,35.608000000000004,38.3,15.413,9.732000000000001,54225.445999999996,1.2,151.089,10.79,19.1,24.6,,2.77,78.86
34200,USA,North America,United States,2020-03-02,89.0,20.0,2.0,1.0,0.26899999999999996,0.06,0.006,0.003,,,,,,,,,,11.11,331002647.0,35.608000000000004,38.3,15.413,9.732000000000001,54225.445999999996,1.2,151.089,10.79,19.1,24.6,,2.77,78.86
34201,USA,North America,United States,2020-03-03,103.0,14.0,6.0,4.0,0.311,0.042,0.018000000000000002,0.012,,,,,,,,,,11.11,331002647.0,35.608000000000004,38.3,15.413,9.732000000000001,54225.445999999996,1.2,151.089,10.79,19.1,24.6,,2.77,78.86
34202,USA,North America,United States,2020-03-04,125.0,22.0,9.0,3.0,0.37799999999999995,0.066,0.027000000000000003,0.009000000000000001,,,,,,,,,,11.11,331002647.0,35.608000000000004,38.3,15.413,9.732000000000001,54225.445999999996,1.2,151.089,10.79,19.1,24.6,,2.77,78.86
34203,USA,North America,United States,2020-03-05,159.0,34.0,11.0,2.0,0.48,0.10300000000000001,0.033,0.006,,,,,,,,,,20.37,331002647.0,35.608000000000004,38.3,15.413,9.732000000000001,54225.445999999996,1.2,151.089,10.79,19.1,24.6,,2.77,78.86
34204,USA,North America,United States,2020-03-06,233.0,74.0,12.0,1.0,0.7040000000000001,0.22399999999999998,0.036000000000000004,0.003,,,,,,,,,,20.37,331002647.0,35.608000000000004,38.3,15.413,9.732000000000001,54225.445999999996,1.2,151.089,10.79,19.1,24.6,,2.77,78.86
34205,USA,North America,United States,2020-03-07,338.0,105.0,14.0,2.0,1.021,0.317,0.042,0.006,,4138.0,0.013000000000000001,,,,,,units unclear (incl. non-PCR),20.37,331002647.0,35.608000000000004,38.3,15.413,9.732000000000001,54225.445999999996,1.2,151.089,10.79,19.1,24.6,,2.77,78.86
34206,USA,North America,United States,2020-03-08,433.0,95.0,17.0,3.0,1.308,0.287,0.051,0.009000000000000001,874.0,5012.0,0.015,0.003,,,,,units unclear (incl. non-PCR),20.37,331002647.0,35.608000000000004,38.3,15.413,9.732000000000001,54225.445999999996,1.2,151.089,10.79,19.1,24.6,,2.77,78.86
34207,USA,North America,United States,2020-03-09,554.0,121.0,21.0,4.0,1.6740000000000002,0.366,0.063,0.012,1773.0,6785.0,0.02,0.005,,,,,units unclear (incl. non-PCR),20.37,331002647.0,35.608000000000004,38.3,15.413,9.732000000000001,54225.445999999996,1.2,151.089,10.79,19.1,24.6,,2.77,78.86
34208,USA,North America,United States,2020-03-10,754.0,200.0,26.0,5.0,2.278,0.604,0.079,0.015,2490.0,9275.0,0.027999999999999997,0.008,,,,,units unclear (incl. non-PCR),20.37,331002647.0,35.608000000000004,38.3,15.413,9.732000000000001,54225.445999999996,1.2,151.089,10.79,19.1,24.6,,2.77,78.86
34209,USA,North America,United States,2020-03-11,1025.0,271.0,28.0,2.0,3.097,0.8190000000000001,0.085,0.006,3818.0,13093.0,0.04,0.012,,,,,units unclear (incl. non-PCR),21.76,331002647.0,35.608000000000004,38.3,15.413,9.732000000000001,54225.445999999996,1.2,151.089,10.79,19.1,24.6,,2.77,78.86
34210,USA,North America,United States,2020-03-12,1312.0,287.0,30.0,2.0,3.964,0.867,0.091,0.006,5310.0,18403.0,0.055999999999999994,0.016,,,,,units unclear (incl. non-PCR),30.09,331002647.0,35.608000000000004,38.3,15.413,9.732000000000001,54225.445999999996,1.2,151.089,10.79,19.1,24.6,,2.77,78.86
34211,USA,North America,United States,2020-03-13,1663.0,351.0,40.0,10.0,5.024,1.06,0.121,0.03,9171.0,27574.0,0.083,0.027999999999999997,,,,,units unclear (incl. non-PCR),30.09,331002647.0,35.608000000000004,38.3,15.413,9.732000000000001,54225.445999999996,1.2,151.089,10.79,19.1,24.6,,2.77,78.86
34212,USA,North America,United States,2020-03-14,2174.0,511.0,47.0,7.0,6.568,1.544,0.142,0.021,4610.0,32184.0,0.09699999999999999,0.013999999999999999,4007.0,0.012,15.277,0.065,units unclear (incl. non-PCR),35.65,331002647.0,35.608000000000004,38.3,15.413,9.732000000000001,54225.445999999996,1.2,151.089,10.79,19.1,24.6,,2.77,78.86
34213,USA,North America,United States,2020-03-15,2951.0,777.0,57.0,10.0,8.915,2.347,0.172,0.03,7604.0,39788.0,0.12,0.023,4968.0,0.015,13.811,0.07200000000000001,units unclear (incl. non-PCR),41.2,331002647.0,35.608000000000004,38.3,15.413,9.732000000000001,54225.445999999996,1.2,151.089,10.79,19.1,24.6,,2.77,78.86
34214,USA,North America,United States,2020-03-16,3774.0,823.0,69.0,12.0,11.402000000000001,2.4859999999999998,0.20800000000000002,0.036000000000000004,17924.0,57712.0,0.174,0.054000000000000006,7275.0,0.022000000000000002,15.815,0.063,units unclear (incl. non-PCR),52.31,331002647.0,35.608000000000004,38.3,15.413,9.732000000000001,54225.445999999996,1.2,151.089,10.79,19.1,24.6,,2.77,78.86
34215,USA,North America,United States,2020-03-17,4661.0,887.0,85.0,16.0,14.081,2.68,0.257,0.048,17320.0,75032.0,0.22699999999999998,0.052000000000000005,9394.0,0.027999999999999997,16.831,0.059,units unclear (incl. non-PCR),55.09,331002647.0,35.608000000000004,38.3,15.413,9.732000000000001,54225.445999999996,1.2,151.089,10.79,19.1,24.6,,2.77,78.86
34216,USA,North America,United States,2020-03-18,6427.0,1766.0,108.0,23.0,19.417,5.335,0.326,0.069,25064.0,100096.0,0.302,0.076,12429.0,0.038,16.105999999999998,0.062,units unclear (incl. non-PCR),55.09,331002647.0,35.608000000000004,38.3,15.413,9.732000000000001,54225.445999999996,1.2,151.089,10.79,19.1,24.6,,2.77,78.86
34217,USA,North America,United States,2020-03-19,9415.0,2988.0,150.0,42.0,28.444000000000003,9.027000000000001,0.45299999999999996,0.127,28081.0,128177.0,0.387,0.085,15682.0,0.047,13.547,0.07400000000000001,units unclear (incl. non-PCR),67.13,331002647.0,35.608000000000004,38.3,15.413,9.732000000000001,54225.445999999996,1.2,151.089,10.79,19.1,24.6,,2.77,78.86
34218,USA,North America,United States,2020-03-20,14250.0,4835.0,150.0,0.0,43.051,14.607000000000001,0.45299999999999996,0.0,36662.0,164839.0,0.498,0.111,19609.0,0.059000000000000004,10.905,0.092,units unclear (incl. non-PCR),67.13,331002647.0,35.608000000000004,38.3,15.413,9.732000000000001,54225.445999999996,1.2,151.089,10.79,19.1,24.6,,2.77,78.86
34219,USA,North America,United States,2020-03-21,19624.0,5374.0,260.0,110.0,59.287,16.236,0.785,0.332,45333.0,210172.0,0.635,0.13699999999999998,25427.0,0.077,10.2,0.098,units unclear (incl. non-PCR),72.69,331002647.0,35.608000000000004,38.3,15.413,9.732000000000001,54225.445999999996,1.2,151.089,10.79,19.1,24.6,,2.77,78.86
34220,USA,North America,United States,2020-03-22,26747.0,7123.0,340.0,80.0,80.806,21.519000000000002,1.0270000000000001,0.242,45473.0,255645.0,0.772,0.13699999999999998,30837.0,0.09300000000000001,9.071,0.11,units unclear (incl. non-PCR),72.69,331002647.0,35.608000000000004,38.3,15.413,9.732000000000001,54225.445999999996,1.2,151.089,10.79,19.1,24.6,,2.77,78.86
34221,USA,North America,United States,2020-03-23,35206.0,8459.0,471.0,131.0,106.36200000000001,25.555999999999997,1.423,0.396,58148.0,313793.0,0.948,0.17600000000000002,36583.0,0.111,8.147,0.123,units unclear (incl. non-PCR),72.69,331002647.0,35.608000000000004,38.3,15.413,9.732000000000001,54225.445999999996,1.2,151.089,10.79,19.1,24.6,,2.77,78.86
34222,USA,North America,United States,2020-03-24,46442.0,11236.0,590.0,119.0,140.30700000000002,33.945,1.7819999999999998,0.36,69137.0,382930.0,1.157,0.209,43985.0,0.133,7.369,0.136,units unclear (incl. non-PCR),72.69,331002647.0,35.608000000000004,38.3,15.413,9.732000000000001,54225.445999999996,1.2,151.089,10.79,19.1,24.6,,2.77,78.86
34223,USA,North America,United States,2020-03-25,55231.0,8789.0,801.0,211.0,166.86,26.553,2.42,0.637,84394.0,467324.0,1.412,0.255,52461.0,0.158,7.525,0.133,units unclear (incl. non-PCR),72.69,331002647.0,35.608000000000004,38.3,15.413,9.732000000000001,54225.445999999996,1.2,151.089,10.79,19.1,24.6,,2.77,78.86
34224,USA,North America,United States,2020-03-26,69194.0,13963.0,1050.0,249.0,209.044,42.184,3.1719999999999997,0.752,101815.0,569139.0,1.719,0.308,62995.0,0.19,7.377000000000002,0.136,units unclear (incl. non-PCR),72.69,331002647.0,35.608000000000004,38.3,15.413,9.732000000000001,54225.445999999996,1.2,151.089,10.79,19.1,24.6,,2.77,78.86
34225,USA,North America,United States,2020-03-27,85991.0,16797.0,1296.0,246.0,259.789,50.746,3.915,0.743,102656.0,671795.0,2.03,0.31,72422.0,0.21899999999999997,7.066,0.142,units unclear (incl. non-PCR),72.69,331002647.0,35.608000000000004,38.3,15.413,9.732000000000001,54225.445999999996,1.2,151.089,10.79,19.1,24.6,,2.77,78.86
34226,USA,North America,United States,2020-03-28,104686.0,18695.0,1707.0,411.0,316.269,56.48,5.157,1.242,106870.0,778665.0,2.352,0.32299999999999995,81213.0,0.245,6.683,0.15,units unclear (incl. non-PCR),72.69,331002647.0,35.608000000000004,38.3,15.413,9.732000000000001,54225.445999999996,1.2,151.089,10.79,19.1,24.6,,2.77,78.86
34227,USA,North America,United States,2020-03-29,124665.0,19979.0,2191.0,484.0,376.62800000000004,60.358999999999995,6.619,1.462,87612.0,866277.0,2.617,0.265,87233.0,0.264,6.2360000000000015,0.16,units unclear (incl. non-PCR),72.69,331002647.0,35.608000000000004,38.3,15.413,9.732000000000001,54225.445999999996,1.2,151.089,10.79,19.1,24.6,,2.77,78.86
34228,USA,North America,United States,2020-03-30,143025.0,18360.0,2509.0,318.0,432.096,55.468,7.58,0.961,118461.0,984738.0,2.975,0.358,95849.0,0.29,6.223,0.161,units unclear (incl. non-PCR),72.69,331002647.0,35.608000000000004,38.3,15.413,9.732000000000001,54225.445999999996,1.2,151.089,10.79,19.1,24.6,,2.77,78.86
34229,USA,North America,United States,2020-03-31,164620.0,21595.0,3170.0,661.0,497.337,65.241,9.577,1.9969999999999999,112330.0,1097068.0,3.3139999999999996,0.33899999999999997,102020.0,0.308,6.042999999999998,0.165,units unclear (incl. non-PCR),72.69,331002647.0,35.608000000000004,38.3,15.413,9.732000000000001,54225.445999999996,1.2,151.089,10.79,19.1,24.6,,2.77,78.86
34230,USA,North America,United States,2020-04-01,189618.0,24998.0,4079.0,909.0,572.859,75.52199999999999,12.323,2.7460000000000004,108521.0,1205589.0,3.642,0.32799999999999996,105466.0,0.319,5.494,0.182,units unclear (incl. non-PCR),72.69,331002647.0,35.608000000000004,38.3,15.413,9.732000000000001,54225.445999999996,1.2,151.089,10.79,19.1,24.6,,2.77,78.86
34231,USA,North America,United States,2020-04-02,216721.0,27103.0,5138.0,1059.0,654.741,81.882,15.523,3.199,118851.0,1324440.0,4.001,0.359,107900.0,0.326,5.12,0.195,units unclear (incl. non-PCR),72.69,331002647.0,35.608000000000004,38.3,15.413,9.732000000000001,54225.445999999996,1.2,151.089,10.79,19.1,24.6,,2.77,78.86
34232,USA,North America,United States,2020-04-03,245540.0,28819.0,6053.0,915.0,741.807,87.066,18.287,2.764,132890.0,1457330.0,4.4030000000000005,0.401,112219.0,0.33899999999999997,4.923,0.203,units unclear (incl. non-PCR),72.69,331002647.0,35.608000000000004,38.3,15.413,9.732000000000001,54225.445999999996,1.2,151.089,10.79,19.1,24.6,,2.77,78.86
34233,USA,North America,United States,2020-04-04,277965.0,32425.0,7157.0,1104.0,839.7669999999999,97.96,21.622,3.335,229193.0,1686523.0,5.095,0.6920000000000001,129694.0,0.392,5.239,0.191,units unclear (incl. non-PCR),72.69,331002647.0,35.608000000000004,38.3,15.413,9.732000000000001,54225.445999999996,1.2,151.089,10.79,19.1,24.6,,2.77,78.86
34234,USA,North America,United States,2020-04-05,312237.0,34272.0,8501.0,1344.0,943.307,103.54,25.683000000000003,4.06,119655.0,1806178.0,5.457000000000001,0.361,134272.0,0.406,5.011,0.2,units unclear (incl. non-PCR),72.69,331002647.0,35.608000000000004,38.3,15.413,9.732000000000001,54225.445999999996,1.2,151.089,10.79,19.1,24.6,,2.77,78.86
34235,USA,North America,United States,2020-04-06,337635.0,25398.0,9647.0,1146.0,1020.0369999999999,76.73100000000001,29.145,3.4619999999999997,152008.0,1958186.0,5.916,0.45899999999999996,139064.0,0.42,5.002,0.2,units unclear (incl. non-PCR),72.69,331002647.0,35.608000000000004,38.3,15.413,9.732000000000001,54225.445999999996,1.2,151.089,10.79,19.1,24.6,,2.77,78.86
34236,USA,North America,United States,2020-04-07,368196.0,30561.0,10989.0,1342.0,1112.366,92.329,33.199,4.053999999999999,154242.0,2112428.0,6.382000000000001,0.466,145051.0,0.43799999999999994,4.988,0.2,units unclear (incl. non-PCR),72.69,331002647.0,35.608000000000004,38.3,15.413,9.732000000000001,54225.445999999996,1.2,151.089,10.79,19.1,24.6,,2.77,78.86
34237,USA,North America,United States,2020-04-08,398809.0,30613.0,12895.0,1906.0,1204.851,92.486,38.957,5.757999999999999,147488.0,2259916.0,6.827000000000001,0.446,150618.0,0.455,5.04,0.198,units unclear (incl. non-PCR),72.69,331002647.0,35.608000000000004,38.3,15.413,9.732000000000001,54225.445999999996,1.2,151.089,10.79,19.1,24.6,,2.77,78.86
34238,USA,North America,United States,2020-04-09,432132.0,33323.0,14817.0,1922.0,1305.524,100.67299999999999,44.763999999999996,5.807,171058.0,2430974.0,7.343999999999999,0.517,158076.0,0.478,5.1370000000000005,0.195,units unclear (incl. non-PCR),72.69,331002647.0,35.608000000000004,38.3,15.413,9.732000000000001,54225.445999999996,1.2,151.089,10.79,19.1,24.6,,2.77,78.86
34239,USA,North America,United States,2020-04-10,466033.0,33901.0,16690.0,1873.0,1407.943,102.419,50.423,5.659,158393.0,2589367.0,7.8229999999999995,0.479,161720.0,0.489,5.134,0.195,units unclear (incl. non-PCR),72.69,331002647.0,35.608000000000004,38.3,15.413,9.732000000000001,54225.445999999996,1.2,151.089,10.79,19.1,24.6,,2.77,78.86
34240,USA,North America,United States,2020-04-11,501560.0,35527.0,18777.0,2087.0,1515.275,107.331,56.728,6.305,136987.0,2726354.0,8.237,0.414,148547.0,0.449,4.651,0.215,units unclear (incl. non-PCR),72.69,331002647.0,35.608000000000004,38.3,15.413,9.732000000000001,54225.445999999996,1.2,151.089,10.79,19.1,24.6,,2.77,78.86
34241,USA,North America,United States,2020-04-12,529951.0,28391.0,20608.0,1831.0,1601.0479999999998,85.773,62.25899999999999,5.532,138917.0,2865271.0,8.656,0.42,151299.0,0.457,4.865,0.206,units unclear (incl. non-PCR),72.69,331002647.0,35.608000000000004,38.3,15.413,9.732000000000001,54225.445999999996,1.2,151.089,10.79,19.1,24.6,,2.77,78.86
34242,USA,North America,United States,2020-04-13,557571.0,27620.0,22108.0,1500.0,1684.491,83.443,66.791,4.532,134183.0,2999454.0,9.062000000000001,0.405,148753.0,0.449,4.734,0.211,units unclear (incl. non-PCR),72.69,331002647.0,35.608000000000004,38.3,15.413,9.732000000000001,54225.445999999996,1.2,151.089,10.79,19.1,24.6,,2.77,78.86
34243,USA,North America,United States,2020-04-14,582594.0,25023.0,23649.0,1541.0,1760.089,75.598,71.447,4.656000000000001,151772.0,3151226.0,9.52,0.45899999999999996,148400.0,0.44799999999999995,4.845,0.206,units unclear (incl. non-PCR),72.69,331002647.0,35.608000000000004,38.3,15.413,9.732000000000001,54225.445999999996,1.2,151.089,10.79,19.1,24.6,,2.77,78.86
34244,USA,North America,United States,2020-04-15,609516.0,26922.0,26057.0,2408.0,1841.4229999999998,81.335,78.721,7.275,136982.0,3288208.0,9.934,0.414,146899.0,0.444,4.88,0.205,units unclear (incl. non-PCR),72.69,331002647.0,35.608000000000004,38.3,15.413,9.732000000000001,54225.445999999996,1.2,151.089,10.79,19.1,24.6,,2.77,78.86
34245,USA,North America,United States,2020-04-16,639664.0,30148.0,30985.0,4928.0,1932.504,91.081,93.61,14.888,163798.0,3452006.0,10.429,0.495,145862.0,0.441,4.92,0.203,units unclear (incl. non-PCR),72.69,331002647.0,35.608000000000004,38.3,15.413,9.732000000000001,54225.445999999996,1.2,151.089,10.79,19.1,24.6,,2.77,78.86
34246,USA,North America,United States,2020-04-17,671331.0,31667.0,33284.0,2299.0,2028.174,95.67,100.555,6.946000000000001,158684.0,3610690.0,10.908,0.479,145903.0,0.441,4.975,0.201,units unclear (incl. non-PCR),72.69,331002647.0,35.608000000000004,38.3,15.413,9.732000000000001,54225.445999999996,1.2,151.089,10.79,19.1,24.6,,2.77,78.86
34247,USA,North America,United States,2020-04-18,702164.0,30833.0,37054.0,3770.0,2121.324,93.15,111.945,11.39,145834.0,3756524.0,11.349,0.441,147167.0,0.445,5.135,0.195,units unclear (incl. non-PCR),72.69,331002647.0,35.608000000000004,38.3,15.413,9.732000000000001,54225.445999999996,1.2,151.089,10.79,19.1,24.6,,2.77,78.86
34248,USA,North America,United States,2020-04-19,735086.0,32922.0,38910.0,1856.0,2220.786,99.461,117.552,5.607,153930.0,3910454.0,11.814,0.465,149312.0,0.451,5.095,0.196,units unclear (incl. non-PCR),72.69,331002647.0,35.608000000000004,38.3,15.413,9.732000000000001,54225.445999999996,1.2,151.089,10.79,19.1,24.6,,2.77,78.86
34249,USA,North America,United States,2020-04-20,759687.0,24601.0,40682.0,1772.0,2295.109,74.32300000000001,122.905,5.353,145688.0,4056142.0,12.254000000000001,0.44,150955.0,0.456,5.228,0.191,units unclear (incl. non-PCR),72.69,331002647.0,35.608000000000004,38.3,15.413,9.732000000000001,54225.445999999996,1.2,151.089,10.79,19.1,24.6,,2.77,78.86
34250,USA,North America,United States,2020-04-21,787752.0,28065.0,42539.0,1857.0,2379.896,84.788,128.516,5.61,152834.0,4208976.0,12.716,0.462,151107.0,0.457,5.1560000000000015,0.194,units unclear (incl. non-PCR),72.69,331002647.0,35.608000000000004,38.3,15.413,9.732000000000001,54225.445999999996,1.2,151.089,10.79,19.1,24.6,,2.77,78.86
34251,USA,North America,United States,2020-04-22,825041.0,37289.0,45063.0,2524.0,2492.551,112.655,136.141,7.625,323483.0,4532459.0,13.693,0.977,177750.0,0.537,5.773,0.173,units unclear (incl. non-PCR),72.69,331002647.0,35.608000000000004,38.3,15.413,9.732000000000001,54225.445999999996,1.2,151.089,10.79,19.1,24.6,,2.77,78.86
34252,USA,North America,United States,2020-04-23,842629.0,17588.0,46784.0,1721.0,2545.687,53.136,141.34,5.199,192810.0,4725269.0,14.276,0.583,181895.0,0.55,6.273,0.159,units unclear (incl. non-PCR),72.69,331002647.0,35.608000000000004,38.3,15.413,9.732000000000001,54225.445999999996,1.2,151.089,10.79,19.1,24.6,,2.77,78.86
34253,USA,North America,United States,2020-04-24,869172.0,26543.0,49963.0,3179.0,2625.8759999999997,80.19,150.944,9.604,235857.0,4961126.0,14.988,0.713,192919.0,0.583,6.8260000000000005,0.147,units unclear (incl. non-PCR),72.69,331002647.0,35.608000000000004,38.3,15.413,9.732000000000001,54225.445999999996,1.2,151.089,10.79,19.1,24.6,,2.77,78.86
34254,USA,North America,United States,2020-04-25,890524.0,21352.0,51017.0,1054.0,2690.383,64.507,154.129,3.1839999999999997,276150.0,5237276.0,15.822000000000001,0.8340000000000001,211536.0,0.639,7.8610000000000015,0.127,units unclear (incl. non-PCR),72.69,331002647.0,35.608000000000004,38.3,15.413,9.732000000000001,54225.445999999996,1.2,151.089,10.79,19.1,24.6,,2.77,78.86
34255,USA,North America,United States,2020-04-26,939053.0,48529.0,53189.0,2172.0,2836.995,146.612,160.691,6.562,206288.0,5443564.0,16.445999999999998,0.623,219016.0,0.662,7.516,0.133,units unclear (incl. non-PCR),72.69,331002647.0,35.608000000000004,38.3,15.413,9.732000000000001,54225.445999999996,1.2,151.089,10.79,19.1,24.6,,2.77,78.86
34256,USA,North America,United States,2020-04-27,965910.0,26857.0,54876.0,1687.0,2918.134,81.138,165.787,5.0969999999999995,195400.0,5638964.0,17.035999999999998,0.59,226117.0,0.6829999999999999,7.675,0.13,units unclear (incl. non-PCR),72.69,331002647.0,35.608000000000004,38.3,15.413,9.732000000000001,54225.445999999996,1.2,151.089,10.79,19.1,24.6,,2.77,78.86
34257,USA,North America,United States,2020-04-28,988451.0,22541.0,56245.0,1369.0,2986.2329999999997,68.09899999999999,169.923,4.136,206614.0,5845578.0,17.66,0.624,233800.0,0.706,8.155,0.123,units unclear (incl. non-PCR),72.69,331002647.0,35.608000000000004,38.3,15.413,9.732000000000001,54225.445999999996,1.2,151.089,10.79,19.1,24.6,,2.77,78.86
34258,USA,North America,United States,2020-04-29,1012583.0,24132.0,58355.0,2110.0,3059.139,72.906,176.298,6.375,238605.0,6084183.0,18.381,0.721,221675.0,0.67,8.274,0.121,units unclear (incl. non-PCR),72.69,331002647.0,35.608000000000004,38.3,15.413,9.732000000000001,54225.445999999996,1.2,151.089,10.79,19.1,24.6,,2.77,78.86
34259,USA,North America,United States,2020-04-30,1039909.0,27326.0,60966.0,2611.0,3141.6940000000004,82.555,184.18599999999998,7.888,232808.0,6316991.0,19.084,0.703,227389.0,0.687,8.068,0.124,units unclear (incl. non-PCR),72.69,331002647.0,35.608000000000004,38.3,15.413,9.732000000000001,54225.445999999996,1.2,151.089,10.79,19.1,24.6,,2.77,78.86
34260,USA,North America,United States,2020-05-01,1069826.0,29917.0,63006.0,2040.0,3232.077,90.383,190.34900000000002,6.162999999999999,295226.0,6612217.0,19.976,0.892,235870.0,0.713,8.229,0.122,units unclear (incl. non-PCR),72.69,331002647.0,35.608000000000004,38.3,15.413,9.732000000000001,54225.445999999996,1.2,151.089,10.79,19.1,24.6,,2.77,78.86
34261,USA,North America,United States,2020-05-02,1103781.0,33955.0,65068.0,2062.0,3334.659,102.58200000000001,196.578,6.23,247084.0,6859301.0,20.723000000000003,0.746,231718.0,0.7,7.606,0.131,units unclear (incl. non-PCR),72.69,331002647.0,35.608000000000004,38.3,15.413,9.732000000000001,54225.445999999996,1.2,151.089,10.79,19.1,24.6,,2.77,78.86
34262,USA,North America,United States,2020-05-03,1133069.0,29288.0,66385.0,1317.0,3423.1420000000003,88.48299999999999,200.55700000000002,3.9789999999999996,236514.0,7095815.0,21.436999999999998,0.715,236036.0,0.713,8.516,0.117,units unclear (incl. non-PCR),72.69,331002647.0,35.608000000000004,38.3,15.413,9.732000000000001,54225.445999999996,1.2,151.089,10.79,19.1,24.6,,2.77,78.86
34263,USA,North America,United States,2020-05-04,1158041.0,24972.0,67682.0,1297.0,3498.585,75.444,204.476,3.918,231456.0,7327271.0,22.136999999999997,0.6990000000000001,241187.0,0.7290000000000001,8.787,0.114,units unclear (incl. non-PCR),72.69,331002647.0,35.608000000000004,38.3,15.413,9.732000000000001,54225.445999999996,1.2,151.089,10.79,19.1,24.6,,2.77,78.86
34264,USA,North America,United States,2020-05-05,1180634.0,22593.0,68934.0,1252.0,3566.842,68.256,208.25799999999998,3.782,271471.0,7598742.0,22.956999999999997,0.82,250452.0,0.757,9.122,0.11,units unclear (incl. non-PCR),72.69,331002647.0,35.608000000000004,38.3,15.413,9.732000000000001,54225.445999999996,1.2,151.089,10.79,19.1,24.6,,2.77,78.86
34265,USA,North America,United States,2020-05-06,1204475.0,23841.0,71078.0,2144.0,3638.868,72.027,214.735,6.477,244833.0,7843575.0,23.695999999999998,0.74,251342.0,0.759,9.169,0.109,units unclear (incl. non-PCR),72.69,331002647.0,35.608000000000004,38.3,15.413,9.732000000000001,54225.445999999996,1.2,151.089,10.79,19.1,24.6,,2.77,78.86
34266,USA,North America,United States,2020-05-07,1228603.0,24128.0,73431.0,2353.0,3711.762,72.89399999999999,221.84400000000002,7.109,301644.0,8145219.0,24.608,0.9109999999999999,261175.0,0.789,9.689,0.103,units unclear (incl. non-PCR),72.69,331002647.0,35.608000000000004,38.3,15.413,9.732000000000001,54225.445999999996,1.2,151.089,10.79,19.1,24.6,,2.77,78.86
34267,USA,North America,United States,2020-05-08,1256972.0,28369.0,75670.0,2239.0,3797.468,85.706,228.608,6.763999999999999,297850.0,8443069.0,25.508000000000003,0.9,261550.0,0.79,9.783,0.102,units unclear (incl. non-PCR),72.69,331002647.0,35.608000000000004,38.3,15.413,9.732000000000001,54225.445999999996,1.2,151.089,10.79,19.1,24.6,,2.77,78.86
34268,USA,North America,United States,2020-05-09,1283929.0,26957.0,77180.0,1510.0,3878.909,81.44,233.17,4.562,291609.0,8734678.0,26.389,0.8809999999999999,267911.0,0.809,10.41,0.096,units unclear (incl. non-PCR),72.69,331002647.0,35.608000000000004,38.3,15.413,9.732000000000001,54225.445999999996,1.2,151.089,10.79,19.1,24.6,,2.77,78.86
34269,USA,North America,United States,2020-05-10,1309541.0,25612.0,78794.0,1614.0,3956.2859999999996,77.377,238.046,4.876,266330.0,9001008.0,27.193,0.805,272170.0,0.8220000000000001,10.796,0.093,units unclear (incl. non-PCR),72.69,331002647.0,35.608000000000004,38.3,15.413,9.732000000000001,54225.445999999996,1.2,151.089,10.79,19.1,24.6,,2.77,78.86
34270,USA,North America,United States,2020-05-11,1329799.0,20258.0,79528.0,734.0,4017.488,61.202,240.264,2.218,382123.0,9383131.0,28.348000000000003,1.1540000000000001,293694.0,0.887,11.97,0.084,units unclear (incl. non-PCR),72.69,331002647.0,35.608000000000004,38.3,15.413,9.732000000000001,54225.445999999996,1.2,151.089,10.79,19.1,24.6,,2.77,78.86
34271,USA,North America,United States,2020-05-12,1347916.0,18117.0,80684.0,1156.0,4072.2209999999995,54.733999999999995,243.75599999999997,3.492,308555.0,9691686.0,29.28,0.932,298992.0,0.903,12.511,0.08,units unclear (incl. non-PCR),72.69,331002647.0,35.608000000000004,38.3,15.413,9.732000000000001,54225.445999999996,1.2,151.089,10.79,19.1,24.6,,2.77,78.86
34272,USA,North America,United States,2020-05-13,1369964.0,22048.0,82387.0,1703.0,4138.831,66.61,248.90099999999998,5.145,319041.0,10010727.0,30.244,0.9640000000000001,309593.0,0.935,13.095,0.076,units unclear (incl. non-PCR),72.69,331002647.0,35.608000000000004,38.3,15.413,9.732000000000001,54225.445999999996,1.2,151.089,10.79,19.1,24.6,,2.77,78.86
34273,USA,North America,United States,2020-05-14,1390746.0,20782.0,84133.0,1746.0,4201.616,62.785,254.176,5.275,364074.0,10374801.0,31.344,1.1,318512.0,0.9620000000000001,13.751,0.073,units unclear (incl. non-PCR),72.69,331002647.0,35.608000000000004,38.3,15.413,9.732000000000001,54225.445999999996,1.2,151.089,10.79,19.1,24.6,,2.77,78.86
34274,USA,North America,United States,2020-05-15,1417889.0,27143.0,85906.0,1773.0,4283.6179999999995,82.00200000000001,259.533,5.356,358323.0,10733124.0,32.426,1.083,327151.0,0.988,14.231,0.07,units unclear (incl. non-PCR),72.69,331002647.0,35.608000000000004,38.3,15.413,9.732000000000001,54225.445999999996,1.2,151.089,10.79,19.1,24.6,,2.77,78.86
34275,USA,North America,United States,2020-05-16,1443397.0,25508.0,87568.0,1662.0,4360.681,77.063,264.55400000000003,5.021,362120.0,11095244.0,33.52,1.094,337224.0,1.0190000000000001,14.803,0.068,units unclear (incl. non-PCR),72.69,331002647.0,35.608000000000004,38.3,15.413,9.732000000000001,54225.445999999996,1.2,151.089,10.79,19.1,24.6,,2.77,78.86
34276,USA,North America,United States,2020-05-17,1467884.0,24487.0,88754.0,1186.0,4434.659000000001,73.97800000000001,268.137,3.583,371154.0,11466398.0,34.641,1.121,352199.0,1.064,15.57,0.064,units unclear (incl. non-PCR),72.69,331002647.0,35.608000000000004,38.3,15.413,9.732000000000001,54225.445999999996,1.2,151.089,10.79,19.1,24.6,,2.77,78.86
34277,USA,North America,United States,2020-05-18,1486757.0,18873.0,89562.0,808.0,4491.677,57.018,270.578,2.441,354713.0,11821111.0,35.713,1.072,348283.0,1.052,15.533,0.064,units unclear (incl. non-PCR),72.69,331002647.0,35.608000000000004,38.3,15.413,9.732000000000001,54225.445999999996,1.2,151.089,10.79,19.1,24.6,,2.77,78.86
34278,USA,North America,United States,2020-05-19,1508598.0,21841.0,90353.0,791.0,4557.661,65.984,272.968,2.39,401339.0,12222450.0,36.926,1.212,361538.0,1.092,15.75,0.063,units unclear (incl. non-PCR),72.69,331002647.0,35.608000000000004,38.3,15.413,9.732000000000001,54225.445999999996,1.2,151.089,10.79,19.1,24.6,,2.77,78.86
34279,USA,North America,United States,2020-05-20,1528568.0,19970.0,91921.0,1568.0,4617.9929999999995,60.332,277.705,4.737,407159.0,12629609.0,38.156,1.23,374126.0,1.13,16.512,0.061,units unclear (incl. non-PCR),72.69,331002647.0,35.608000000000004,38.3,15.413,9.732000000000001,54225.445999999996,1.2,151.089,10.79,19.1,24.6,,2.77,78.86
34280,USA,North America,United States,2020-05-21,1551853.0,23285.0,93439.0,1518.0,4688.34,70.347,282.291,4.586,461819.0,13091428.0,39.551,1.395,388090.0,1.172,16.862000000000002,0.059,units unclear (incl. non-PCR),72.69,331002647.0,35.608000000000004,38.3,15.413,9.732000000000001,54225.445999999996,1.2,151.089,10.79,19.1,24.6,,2.77,78.86
34281,USA,North America,United States,2020-05-22,1577287.0,25434.0,94702.0,1263.0,4765.179,76.839,286.106,3.8160000000000003,409088.0,13500516.0,40.787,1.236,395342.0,1.194,17.362000000000002,0.058,units unclear (incl. non-PCR),72.69,331002647.0,35.608000000000004,38.3,15.413,9.732000000000001,54225.445999999996,1.2,151.089,10.79,19.1,24.6,,2.77,78.86
34282,USA,North America,United States,2020-05-23,1601434.0,24147.0,96007.0,1305.0,4838.13,72.95100000000001,290.04900000000004,3.943,390000.0,13890516.0,41.965,1.178,399325.0,1.206,17.687,0.057,units unclear (incl. non-PCR),72.69,331002647.0,35.608000000000004,38.3,15.413,9.732000000000001,54225.445999999996,1.2,151.089,10.79,19.1,24.6,,2.77,78.86
34283,USA,North America,United States,2020-05-24,1622670.0,21236.0,97087.0,1080.0,4902.287,64.157,293.312,3.263,381505.0,14272021.0,43.118,1.153,400803.0,1.2109999999999999,18.126,0.055,units unclear (incl. non-PCR),72.69,331002647.0,35.608000000000004,38.3,15.413,9.732000000000001,54225.445999999996,1.2,151.089,10.79,19.1,24.6,,2.77,78.86
34284,USA,North America,United States,2020-05-25,1643238.0,20568.0,97720.0,633.0,4964.4259999999995,62.138000000000005,295.224,1.912,422588.0,14694609.0,44.394,1.2770000000000001,410500.0,1.24,18.363,0.054000000000000006,units unclear (incl. non-PCR),72.69,331002647.0,35.608000000000004,38.3,15.413,9.732000000000001,54225.445999999996,1.2,151.089,10.79,19.1,24.6,,2.77,78.86
34285,USA,North America,United States,2020-05-26,1662302.0,19064.0,98220.0,500.0,5022.02,57.595,296.735,1.511,305932.0,15000541.0,45.318000000000005,0.924,396870.0,1.199,18.074,0.055,units unclear (incl. non-PCR),72.69,331002647.0,35.608000000000004,38.3,15.413,9.732000000000001,54225.445999999996,1.2,151.089,10.79,19.1,24.6,,2.77,78.86
34286,USA,North America,United States,2020-05-27,1681212.0,18910.0,98916.0,696.0,5079.15,57.129,298.837,2.103,308433.0,15308974.0,46.25,0.932,382766.0,1.156,17.553,0.057,units unclear (incl. non-PCR),72.69,331002647.0,35.608000000000004,38.3,15.413,9.732000000000001,54225.445999999996,1.2,151.089,10.79,19.1,24.6,,2.77,78.86
34287,USA,North America,United States,2020-05-28,1699933.0,18721.0,100442.0,1526.0,5135.708,56.558,303.448,4.61,434470.0,15743444.0,47.563,1.3130000000000002,378859.0,1.145,17.909000000000006,0.056,units unclear (incl. non-PCR),72.69,331002647.0,35.608000000000004,38.3,15.413,9.732000000000001,54225.445999999996,1.2,151.089,10.79,19.1,24.6,,2.77,78.86
34288,USA,North America,United States,2020-05-29,1721750.0,21817.0,101617.0,1175.0,5201.62,65.91199999999999,306.998,3.55,487229.0,16230673.0,49.035,1.472,390022.0,1.178,18.899,0.053,units unclear (incl. non-PCR),72.69,331002647.0,35.608000000000004,38.3,15.413,9.732000000000001,54225.445999999996,1.2,151.089,10.79,19.1,24.6,,2.77,78.86
34289,USA,North America,United States,2020-05-30,1747087.0,25337.0,102836.0,1219.0,5278.166,76.546,310.68,3.6830000000000003,425754.0,16656427.0,50.321000000000005,1.286,395130.0,1.194,18.99,0.053,units unclear (incl. non-PCR),72.69,331002647.0,35.608000000000004,38.3,15.413,9.732000000000001,54225.445999999996,1.2,151.089,10.79,19.1,24.6,,2.77,78.86
34290,USA,North America,United States,2020-05-31,1770384.0,23297.0,103781.0,945.0,5348.549,70.383,313.535,2.855,396171.0,17052598.0,51.518,1.197,397225.0,1.2,18.824,0.053,units unclear (incl. non-PCR),72.69,331002647.0,35.608000000000004,38.3,15.413,9.732000000000001,54225.445999999996,1.2,151.089,10.79,19.1,24.6,,2.77,78.86
34291,USA,North America,United States,2020-06-01,1790191.0,19807.0,104383.0,602.0,5408.389,59.839,315.35400000000004,1.819,412327.0,17464925.0,52.763999999999996,1.246,395759.0,1.196,18.852,0.053,units unclear (incl. non-PCR),72.69,331002647.0,35.608000000000004,38.3,15.413,9.732000000000001,54225.445999999996,1.2,151.089,10.79,19.1,24.6,,2.77,78.86
34292,USA,North America,United States,2020-06-02,1811277.0,21086.0,105147.0,764.0,5472.092,63.703,317.66200000000003,2.3080000000000003,418646.0,17883571.0,54.028,1.265,411861.0,1.244,19.352,0.052000000000000005,units unclear (incl. non-PCR),72.69,331002647.0,35.608000000000004,38.3,15.413,9.732000000000001,54225.445999999996,1.2,151.089,10.79,19.1,24.6,,2.77,78.86
34293,USA,North America,United States,2020-06-03,1831821.0,20544.0,106181.0,1034.0,5534.158,62.066,320.786,3.1239999999999997,466714.0,18350285.0,55.438,1.41,434473.0,1.3130000000000002,20.193,0.05,units unclear (incl. non-PCR),72.69,331002647.0,35.608000000000004,38.3,15.413,9.732000000000001,54225.445999999996,1.2,151.089,10.79,19.1,24.6,,2.77,78.86
34294,USA,North America,United States,2020-06-04,1851520.0,19699.0,107175.0,994.0,5593.670999999999,59.513000000000005,323.789,3.003,460984.0,18811269.0,56.831,1.393,438261.0,1.324,20.238,0.049,units unclear (incl. non-PCR),72.69,331002647.0,35.608000000000004,38.3,15.413,9.732000000000001,54225.445999999996,1.2,151.089,10.79,19.1,24.6,,2.77,78.86
34295,USA,North America,United States,2020-06-05,1872660.0,21140.0,108211.0,1036.0,5657.5380000000005,63.867,326.91900000000004,3.13,506275.0,19317544.0,58.361000000000004,1.53,440982.0,1.3319999999999999,20.455,0.049,units unclear (incl. non-PCR),72.69,331002647.0,35.608000000000004,38.3,15.413,9.732000000000001,54225.445999999996,1.2,151.089,10.79,19.1,24.6,,2.77,78.86
34296,USA,North America,United States,2020-06-06,1897838.0,25178.0,109143.0,932.0,5733.604,76.066,329.735,2.8160000000000003,543819.0,19861363.0,60.004,1.643,457848.0,1.383,21.26,0.047,units unclear (incl. non-PCR),72.69,331002647.0,35.608000000000004,38.3,15.413,9.732000000000001,54225.445999999996,1.2,151.089,10.79,19.1,24.6,,2.77,78.86
34297,USA,North America,United States,2020-06-07,1920061.0,22223.0,109802.0,659.0,5800.741999999999,67.138,331.725,1.9909999999999999,422371.0,20283734.0,61.28,1.276,461591.0,1.395,21.587,0.046,units unclear (incl. non-PCR),72.69,331002647.0,35.608000000000004,38.3,15.413,9.732000000000001,54225.445999999996,1.2,151.089,10.79,19.1,24.6,,2.77,78.86
34298,USA,North America,United States,2020-06-08,1942363.0,22302.0,110514.0,712.0,5868.119000000001,67.377,333.876,2.151,395146.0,20678880.0,62.473,1.194,459136.0,1.3869999999999998,21.121,0.047,units unclear (incl. non-PCR),72.69,331002647.0,35.608000000000004,38.3,15.413,9.732000000000001,54225.445999999996,1.2,151.089,10.79,19.1,24.6,,2.77,78.86
34299,USA,North America,United States,2020-06-09,1961185.0,18822.0,111007.0,493.0,5924.983,56.864,335.366,1.489,419724.0,21098604.0,63.74100000000001,1.268,459290.0,1.3880000000000001,21.447,0.047,units unclear (incl. non-PCR),72.69,331002647.0,35.608000000000004,38.3,15.413,9.732000000000001,54225.445999999996,1.2,151.089,10.79,19.1,24.6,,2.77,78.86
34300,USA,North America,United States,2020-06-10,1979850.0,18665.0,112006.0,999.0,5981.371999999999,56.388999999999996,338.384,3.0180000000000002,428999.0,21527603.0,65.038,1.296,453903.0,1.371,21.464,0.047,units unclear (incl. non-PCR),72.69,331002647.0,35.608000000000004,38.3,15.413,9.732000000000001,54225.445999999996,1.2,151.089,10.79,19.1,24.6,,2.77,78.86
34301,USA,North America,United States,2020-06-11,2000464.0,20614.0,112924.0,918.0,6043.65,62.277,341.157,2.773,459455.0,21987058.0,66.426,1.3880000000000001,453684.0,1.371,21.322,0.047,units unclear (incl. non-PCR),72.69,331002647.0,35.608000000000004,38.3,15.413,9.732000000000001,54225.445999999996,1.2,151.089,10.79,19.1,24.6,,2.77,78.86
34302,USA,North America,United States,2020-06-12,2023347.0,22883.0,113820.0,896.0,6112.781999999999,69.132,343.86400000000003,2.707,623125.0,22610183.0,68.308,1.883,470377.0,1.421,21.851,0.046,units unclear (incl. non-PCR),72.69,331002647.0,35.608000000000004,38.3,15.413,9.732000000000001,54225.445999999996,1.2,151.089,10.79,19.1,24.6,,2.77,78.86
34303,USA,North America,United States,2020-06-13,2048986.0,25639.0,114669.0,849.0,6190.241,77.459,346.42900000000003,2.565,496428.0,23106611.0,69.808,1.5,463607.0,1.401,21.471,0.047,units unclear (incl. non-PCR),72.69,331002647.0,35.608000000000004,38.3,15.413,9.732000000000001,54225.445999999996,1.2,151.089,10.79,19.1,24.6,,2.77,78.86
34304,USA,North America,United States,2020-06-14,2074526.0,25540.0,115436.0,767.0,6267.4,77.16,348.746,2.3169999999999997,485220.0,23591831.0,71.274,1.466,472585.0,1.4280000000000002,21.416,0.047,units unclear (incl. non-PCR),72.69,331002647.0,35.608000000000004,38.3,15.413,9.732000000000001,54225.445999999996,1.2,151.089,10.79,19.1,24.6,,2.77,78.86
34305,USA,North America,United States,2020-06-15,2094069.0,19543.0,115732.0,296.0,6326.441999999999,59.042,349.64099999999996,0.894,432811.0,24024642.0,72.581,1.308,477966.0,1.444,22.054,0.045,units unclear (incl. non-PCR),68.98,331002647.0,35.608000000000004,38.3,15.413,9.732000000000001,54225.445999999996,1.2,151.089,10.79,19.1,24.6,,2.77,78.86
34306,USA,North America,United States,2020-06-16,2114026.0,19957.0,116127.0,395.0,6386.734,60.293,350.834,1.193,464529.0,24489171.0,73.985,1.403,484367.0,1.463,22.184,0.045,units unclear (incl. non-PCR),68.98,331002647.0,35.608000000000004,38.3,15.413,9.732000000000001,54225.445999999996,1.2,151.089,10.79,19.1,24.6,,2.77,78.86
34307,USA,North America,United States,2020-06-17,2137731.0,23705.0,116963.0,836.0,6458.35,71.616,353.36,2.526,485290.0,24974461.0,75.45100000000001,1.466,492408.0,1.4880000000000002,21.832,0.046,units unclear (incl. non-PCR),68.98,331002647.0,35.608000000000004,38.3,15.413,9.732000000000001,54225.445999999996,1.2,151.089,10.79,19.1,24.6,,2.77,78.86
34308,USA,North America,United States,2020-06-18,2163290.0,25559.0,117717.0,754.0,6535.566999999999,77.217,355.63800000000003,2.278,516193.0,25490654.0,77.01,1.5590000000000002,500514.0,1.5119999999999998,21.517,0.046,units unclear (incl. non-PCR),68.98,331002647.0,35.608000000000004,38.3,15.413,9.732000000000001,54225.445999999996,1.2,151.089,10.79,19.1,24.6,,2.77,78.86
34309,USA,North America,United States,2020-06-19,2191052.0,27762.0,118434.0,717.0,6619.44,83.87200000000001,357.80400000000003,2.166,573992.0,26064646.0,78.745,1.734,493495.0,1.4909999999999999,20.598000000000006,0.049,units unclear (incl. non-PCR),68.98,331002647.0,35.608000000000004,38.3,15.413,9.732000000000001,54225.445999999996,1.2,151.089,10.79,19.1,24.6,,2.77,78.86
34310,USA,North America,United States,2020-06-20,2220961.0,29909.0,119112.0,678.0,6709.798000000001,90.359,359.852,2.048,559215.0,26623861.0,80.434,1.689,502464.0,1.518,20.452,0.049,units unclear (incl. non-PCR),68.98,331002647.0,35.608000000000004,38.3,15.413,9.732000000000001,54225.445999999996,1.2,151.089,10.79,19.1,24.6,,2.77,78.86
34311,USA,North America,United States,2020-06-21,2255119.0,34158.0,119719.0,607.0,6812.994000000001,103.196,361.686,1.834,511098.0,27134959.0,81.978,1.544,506161.0,1.5290000000000001,19.619,0.051,units unclear (incl. non-PCR),68.98,331002647.0,35.608000000000004,38.3,15.413,9.732000000000001,54225.445999999996,1.2,151.089,10.79,19.1,24.6,,2.77,78.86
34312,USA,North America,United States,2020-06-22,2280912.0,25793.0,119975.0,256.0,6890.918000000001,77.92399999999999,362.459,0.773,466605.0,27601564.0,83.38799999999999,1.41,510989.0,1.544,19.144,0.052000000000000005,units unclear (incl. non-PCR),68.98,331002647.0,35.608000000000004,38.3,15.413,9.732000000000001,54225.445999999996,1.2,151.089,10.79,19.1,24.6,,2.77,78.86
34313,USA,North America,United States,2020-06-23,2312302.0,31390.0,120402.0,427.0,6985.751,94.833,363.749,1.29,491719.0,28093283.0,84.87299999999999,1.486,514873.0,1.555,18.177,0.055,units unclear (incl. non-PCR),68.98,331002647.0,35.608000000000004,38.3,15.413,9.732000000000001,54225.445999999996,1.2,151.089,10.79,19.1,24.6,,2.77,78.86
34314,USA,North America,United States,2020-06-24,2347022.0,34720.0,121228.0,826.0,7090.644,104.89299999999999,366.245,2.495,519202.0,28612485.0,86.44200000000001,1.569,519718.0,1.57,17.383,0.058,units unclear (incl. non-PCR),68.98,331002647.0,35.608000000000004,38.3,15.413,9.732000000000001,54225.445999999996,1.2,151.089,10.79,19.1,24.6,,2.77,78.86
34315,USA,North America,United States,2020-06-25,2381361.0,34339.0,121979.0,751.0,7194.387,103.742,368.514,2.269,637148.0,29249633.0,88.367,1.925,536997.0,1.6219999999999999,17.237000000000002,0.058,units unclear (incl. non-PCR),68.98,331002647.0,35.608000000000004,38.3,15.413,9.732000000000001,54225.445999999996,1.2,151.089,10.79,19.1,24.6,,2.77,78.86
34316,USA,North America,United States,2020-06-26,2422310.0,40949.0,124416.0,2437.0,7318.099,123.712,375.876,7.362,606747.0,29856380.0,90.2,1.8330000000000002,541676.0,1.636,16.396,0.061,units unclear (incl. non-PCR),68.98,331002647.0,35.608000000000004,38.3,15.413,9.732000000000001,54225.445999999996,1.2,151.089,10.79,19.1,24.6,,2.77,78.86
34317,USA,North America,United States,2020-06-27,2467837.0,45527.0,125039.0,623.0,7455.641,137.543,377.75800000000004,1.882,599386.0,30455766.0,92.01100000000001,1.811,547415.0,1.6540000000000001,15.522,0.064,units unclear (incl. non-PCR),68.98,331002647.0,35.608000000000004,38.3,15.413,9.732000000000001,54225.445999999996,1.2,151.089,10.79,19.1,24.6,,2.77,78.86
34318,USA,North America,United States,2020-06-28,2510323.0,42486.0,125539.0,500.0,7583.996999999999,128.355,379.269,1.511,583898.0,31039664.0,93.775,1.764,557815.0,1.685,15.3,0.065,units unclear (incl. non-PCR),68.98,331002647.0,35.608000000000004,38.3,15.413,9.732000000000001,54225.445999999996,1.2,151.089,10.79,19.1,24.6,,2.77,78.86
34319,USA,North America,United States,2020-06-29,2548996.0,38673.0,125804.0,265.0,7700.8330000000005,116.836,380.069,0.8009999999999999,646824.0,31686488.0,95.729,1.954,583561.0,1.7630000000000001,15.237,0.066,units unclear (incl. non-PCR),68.98,331002647.0,35.608000000000004,38.3,15.413,9.732000000000001,54225.445999999996,1.2,151.089,10.79,19.1,24.6,,2.77,78.86
34320,USA,North America,United States,2020-06-30,2590552.0,41556.0,126140.0,336.0,7826.379,125.546,381.085,1.015,624063.0,32310551.0,97.61399999999999,1.885,602467.0,1.82,15.156,0.066,units unclear (incl. non-PCR),68.98,331002647.0,35.608000000000004,38.3,15.413,9.732000000000001,54225.445999999996,1.2,151.089,10.79,19.1,24.6,,2.77,78.86
34321,USA,North America,United States,2020-07-01,2634432.0,43880.0,127410.0,1270.0,7958.945,132.567,384.921,3.8369999999999997,633286.0,32943837.0,99.527,1.913,618765.0,1.869,15.07,0.066,units unclear (incl. non-PCR),68.98,331002647.0,35.608000000000004,38.3,15.413,9.732000000000001,54225.445999999996,1.2,151.089,10.79,19.1,24.6,,2.77,78.86
34322,USA,North America,United States,2020-07-02,2686480.0,52048.0,128062.0,652.0,8116.189,157.243,386.89099999999996,1.97,662316.0,33606153.0,101.52799999999999,2.001,622360.0,1.88,14.278,0.07,units unclear (incl. non-PCR),68.98,331002647.0,35.608000000000004,38.3,15.413,9.732000000000001,54225.445999999996,1.2,151.089,10.79,19.1,24.6,,2.77,78.86
34323,USA,North America,United States,2020-07-03,2739879.0,53399.0,128740.0,678.0,8277.514000000001,161.325,388.939,2.048,710949.0,34317102.0,103.676,2.148,637246.0,1.925,14.046,0.071,units unclear (incl. non-PCR),68.98,331002647.0,35.608000000000004,38.3,15.413,9.732000000000001,54225.445999999996,1.2,151.089,10.79,19.1,24.6,,2.77,78.86
34324,USA,North America,United States,2020-07-04,2794321.0,54442.0,129434.0,694.0,8441.99,164.476,391.036,2.097,642171.0,34959273.0,105.616,1.94,643358.0,1.944,13.794,0.07200000000000001,units unclear (incl. non-PCR),68.98,331002647.0,35.608000000000004,38.3,15.413,9.732000000000001,54225.445999999996,1.2,151.089,10.79,19.1,24.6,,2.77,78.86
34325,USA,North America,United States,2020-07-05,2839542.0,45221.0,129676.0,242.0,8578.608,136.618,391.767,0.731,681450.0,35640723.0,107.675,2.059,657294.0,1.986,13.976,0.07200000000000001,units unclear (incl. non-PCR),68.98,331002647.0,35.608000000000004,38.3,15.413,9.732000000000001,54225.445999999996,1.2,151.089,10.79,19.1,24.6,,2.77,78.86
34326,USA,North America,United States,2020-07-06,2888635.0,49093.0,129947.0,271.0,8726.924,148.316,392.586,0.8190000000000001,501201.0,36141924.0,109.189,1.514,636491.0,1.923,13.118,0.076,units unclear (incl. non-PCR),68.98,331002647.0,35.608000000000004,38.3,15.413,9.732000000000001,54225.445999999996,1.2,151.089,10.79,19.1,24.6,,2.77,78.86
34327,USA,North America,United States,2020-07-07,2938625.0,49990.0,130306.0,359.0,8877.95,151.026,393.671,1.085,634791.0,36776715.0,111.10700000000001,1.9180000000000001,638023.0,1.9280000000000002,12.831,0.078,units unclear (incl. non-PCR),68.98,331002647.0,35.608000000000004,38.3,15.413,9.732000000000001,54225.445999999996,1.2,151.089,10.79,19.1,24.6,,2.77,78.86
34328,USA,North America,United States,2020-07-08,2996098.0,57473.0,131480.0,1174.0,9051.583,173.63299999999998,397.217,3.5469999999999997,629102.0,37405817.0,113.008,1.901,637426.0,1.926,12.337,0.081,units unclear (incl. non-PCR),68.98,331002647.0,35.608000000000004,38.3,15.413,9.732000000000001,54225.445999999996,1.2,151.089,10.79,19.1,24.6,,2.77,78.86
34329,USA,North America,United States,2020-07-09,3055004.0,58906.0,132309.0,829.0,9229.546,177.96200000000002,399.722,2.505,703050.0,38108867.0,115.132,2.124,643245.0,1.943,12.218,0.08199999999999999,units unclear (incl. non-PCR),68.98,331002647.0,35.608000000000004,38.3,15.413,9.732000000000001,54225.445999999996,1.2,151.089,10.79,19.1,24.6,,2.77,78.86
34330,USA,North America,United States,2020-07-10,3118008.0,63004.0,133291.0,982.0,9419.888,190.343,402.689,2.967,810806.0,38919673.0,117.581,2.45,657510.0,1.986,12.172,0.08199999999999999,units unclear (incl. non-PCR),68.98,331002647.0,35.608000000000004,38.3,15.413,9.732000000000001,54225.445999999996,1.2,151.089,10.79,19.1,24.6,,2.77,78.86
34331,USA,North America,United States,2020-07-11,3184633.0,66625.0,134097.0,806.0,9621.171,201.282,405.124,2.435,698444.0,39618117.0,119.691,2.11,665549.0,2.011,11.936,0.084,units unclear (incl. non-PCR),68.98,331002647.0,35.608000000000004,38.3,15.413,9.732000000000001,54225.445999999996,1.2,151.089,10.79,19.1,24.6,,2.77,78.86
34332,USA,North America,United States,2020-07-12,3247684.0,63051.0,134814.0,717.0,9811.655999999999,190.485,407.29,2.166,758324.0,40376441.0,121.98200000000001,2.291,676531.0,2.044,11.603,0.086,units unclear (incl. non-PCR),68.98,331002647.0,35.608000000000004,38.3,15.413,9.732000000000001,54225.445999999996,1.2,151.089,10.79,19.1,24.6,,2.77,78.86
34333,USA,North America,United States,2020-07-13,3304942.0,57258.0,135205.0,391.0,9984.639000000001,172.984,408.471,1.181,693576.0,41070017.0,124.07799999999999,2.095,704013.0,2.127,11.838,0.084,units unclear (incl. non-PCR),68.98,331002647.0,35.608000000000004,38.3,15.413,9.732000000000001,54225.445999999996,1.2,151.089,10.79,19.1,24.6,,2.77,78.86
34334,USA,North America,United States,2020-07-14,3363056.0,58114.0,135605.0,400.0,10160.209,175.57,409.68,1.208,769982.0,41839999.0,126.404,2.326,723326.0,2.185,11.93,0.084,units unclear (incl. non-PCR),68.98,331002647.0,35.608000000000004,38.3,15.413,9.732000000000001,54225.445999999996,1.2,151.089,10.79,19.1,24.6,,2.77,78.86
34335,USA,North America,United States,2020-07-15,3431574.0,68518.0,136466.0,861.0,10367.21,207.00099999999998,412.281,2.6010000000000004,761997.0,42601996.0,128.70600000000002,2.302,742311.0,2.2430000000000003,11.932,0.084,units unclear (incl. non-PCR),68.98,331002647.0,35.608000000000004,38.3,15.413,9.732000000000001,54225.445999999996,1.2,151.089,10.79,19.1,24.6,,2.77,78.86
34336,USA,North America,United States,2020-07-16,3499291.0,67717.0,137419.0,953.0,10571.792,204.581,415.16,2.8789999999999996,827564.0,43429560.0,131.20600000000002,2.5,760099.0,2.296,11.976,0.084,units unclear (incl. non-PCR),68.98,331002647.0,35.608000000000004,38.3,15.413,9.732000000000001,54225.445999999996,1.2,151.089,10.79,19.1,24.6,,2.77,78.86
34337,USA,North America,United States,2020-07-17,3576221.0,76930.0,138358.0,939.0,10804.207,232.415,417.99699999999996,2.8369999999999997,837392.0,44266952.0,133.736,2.53,763897.0,2.3080000000000003,11.67,0.086,units unclear (incl. non-PCR),68.98,331002647.0,35.608000000000004,38.3,15.413,9.732000000000001,54225.445999999996,1.2,151.089,10.79,19.1,24.6,,2.77,78.86
34338,USA,North America,United States,2020-07-18,3647715.0,71494.0,139266.0,908.0,11020.198999999999,215.99200000000002,420.74,2.7430000000000003,761632.0,45028584.0,136.037,2.301,772924.0,2.335,11.684,0.086,units unclear (incl. non-PCR),68.98,331002647.0,35.608000000000004,38.3,15.413,9.732000000000001,54225.445999999996,1.2,151.089,10.79,19.1,24.6,,2.77,78.86
34339,USA,North America,United States,2020-07-19,3711464.0,63749.0,140119.0,853.0,11212.793,192.59400000000002,423.31699999999995,2.577,798508.0,45827092.0,138.44899999999998,2.412,778664.0,2.352,11.753,0.085,units unclear (incl. non-PCR),68.98,331002647.0,35.608000000000004,38.3,15.413,9.732000000000001,54225.445999999996,1.2,151.089,10.79,19.1,24.6,,2.77,78.86
34340,USA,North America,United States,2020-07-20,3773260.0,61796.0,140534.0,415.0,11399.486,186.69299999999998,424.57099999999997,1.254,711015.0,46538107.0,140.597,2.148,781156.0,2.36,11.675999999999998,0.086,units unclear (incl. non-PCR),68.98,331002647.0,35.608000000000004,38.3,15.413,9.732000000000001,54225.445999999996,1.2,151.089,10.79,19.1,24.6,,2.77,78.86
34341,USA,North America,United States,2020-07-21,3830010.0,56750.0,140906.0,372.0,11570.935,171.449,425.694,1.124,750248.0,47288355.0,142.864,2.267,778337.0,2.351,11.668,0.086,units unclear (incl. non-PCR),68.98,331002647.0,35.608000000000004,38.3,15.413,9.732000000000001,54225.445999999996,1.2,151.089,10.79,19.1,24.6,,2.77,78.86
34342,USA,North America,United States,2020-07-22,3902058.0,72048.0,142066.0,1160.0,11788.601,217.666,429.199,3.505,795502.0,48083857.0,145.267,2.403,783123.0,2.366,11.652,0.086,units unclear (incl. non-PCR),68.98,331002647.0,35.608000000000004,38.3,15.413,9.732000000000001,54225.445999999996,1.2,151.089,10.79,19.1,24.6,,2.77,78.86
34343,USA,North America,United States,2020-07-23,3970906.0,68848.0,143190.0,1124.0,11996.598999999998,207.998,432.595,3.3960000000000004,840589.0,48924446.0,147.80700000000002,2.54,784984.0,2.372,11.651,0.086,units unclear (incl. non-PCR),68.98,331002647.0,35.608000000000004,38.3,15.413,9.732000000000001,54225.445999999996,1.2,151.089,10.79,19.1,24.6,,2.77,78.86
34344,USA,North America,United States,2020-07-24,4034102.0,63196.0,144242.0,1052.0,12187.521999999999,190.923,435.773,3.178,926876.0,49851322.0,150.607,2.8,797767.0,2.41,12.196,0.08199999999999999,units unclear (incl. non-PCR),68.98,331002647.0,35.608000000000004,38.3,15.413,9.732000000000001,54225.445999999996,1.2,151.089,10.79,19.1,24.6,,2.77,78.86
34345,USA,North America,United States,2020-07-25,4112529.0,78427.0,145546.0,1304.0,12424.46,236.938,439.712,3.94,784361.0,50635683.0,152.977,2.37,801014.0,2.42,12.063,0.083,units unclear (incl. non-PCR),68.98,331002647.0,35.608000000000004,38.3,15.413,9.732000000000001,54225.445999999996,1.2,151.089,10.79,19.1,24.6,,2.77,78.86
34346,USA,North America,United States,2020-07-26,4178027.0,65498.0,146460.0,914.0,12622.337,197.878,442.474,2.761,855811.0,51491494.0,155.562,2.5860000000000003,809200.0,2.445,12.140999999999998,0.08199999999999999,units unclear (incl. non-PCR),68.98,331002647.0,35.608000000000004,38.3,15.413,9.732000000000001,54225.445999999996,1.2,151.089,10.79,19.1,24.6,,2.77,78.86
34347,USA,North America,United States,2020-07-27,4234020.0,55993.0,146935.0,475.0,12791.499,169.162,443.909,1.435,760840.0,52252334.0,157.861,2.299,816318.0,2.4659999999999997,12.402,0.081,units unclear (incl. non-PCR),68.98,331002647.0,35.608000000000004,38.3,15.413,9.732000000000001,54225.445999999996,1.2,151.089,10.79,19.1,24.6,,2.77,78.86
34348,USA,North America,United States,2020-07-28,4290263.0,56243.0,148011.0,1076.0,12961.416000000001,169.917,447.16,3.2510000000000003,735487.0,52987821.0,160.083,2.222,814209.0,2.46,12.383,0.081,units unclear (incl. non-PCR),68.98,331002647.0,35.608000000000004,38.3,15.413,9.732000000000001,54225.445999999996,1.2,151.089,10.79,19.1,24.6,,2.77,78.86
34349,USA,North America,United States,2020-07-29,4351997.0,61734.0,149256.0,1245.0,13147.921999999999,186.50599999999997,450.921,3.761,853326.0,53841147.0,162.661,2.5780000000000003,822470.0,2.485,12.796,0.078,units unclear (incl. non-PCR),68.98,331002647.0,35.608000000000004,38.3,15.413,9.732000000000001,54225.445999999996,1.2,151.089,10.79,19.1,24.6,,2.77,78.86
34350,USA,North America,United States,2020-07-30,4426982.0,74985.0,150713.0,1457.0,13374.461000000001,226.53900000000002,455.32300000000004,4.402,805854.0,54647001.0,165.095,2.435,817508.0,2.47,12.547,0.08,units unclear (incl. non-PCR),68.98,331002647.0,35.608000000000004,38.3,15.413,9.732000000000001,54225.445999999996,1.2,151.089,10.79,19.1,24.6,,2.77,78.86
34351,USA,North America,United States,2020-07-31,4495014.0,68032.0,152070.0,1357.0,13579.993999999999,205.533,459.42199999999997,4.1,725982.0,55372983.0,167.28900000000002,2.193,788809.0,2.383,11.98,0.083,units unclear (incl. non-PCR),68.98,331002647.0,35.608000000000004,38.3,15.413,9.732000000000001,54225.445999999996,1.2,151.089,10.79,19.1,24.6,,2.77,78.86
34352,USA,North America,United States,2020-08-01,4562037.0,67023.0,153314.0,1244.0,13782.479,202.485,463.181,3.758,726010.0,56098993.0,169.482,2.193,780473.0,2.358,12.154000000000002,0.08199999999999999,units unclear (incl. non-PCR),68.98,331002647.0,35.608000000000004,38.3,15.413,9.732000000000001,54225.445999999996,1.2,151.089,10.79,19.1,24.6,,2.77,78.86
34353,USA,North America,United States,2020-08-02,4620444.0,58407.0,154447.0,1133.0,13958.934,176.455,466.60400000000004,3.423,713169.0,56812162.0,171.637,2.155,760095.0,2.296,12.026,0.083,units unclear (incl. non-PCR),68.98,331002647.0,35.608000000000004,38.3,15.413,9.732000000000001,54225.445999999996,1.2,151.089,10.79,19.1,24.6,,2.77,78.86
34354,USA,North America,United States,2020-08-03,4667955.0,47511.0,154860.0,413.0,14102.47,143.537,467.851,1.248,731690.0,57543852.0,173.847,2.211,755931.0,2.2840000000000003,12.194,0.08199999999999999,units unclear (incl. non-PCR),68.98,331002647.0,35.608000000000004,38.3,15.413,9.732000000000001,54225.445999999996,1.2,151.089,10.79,19.1,24.6,,2.77,78.86
34355,USA,North America,United States,2020-08-04,4713562.0,45607.0,155403.0,543.0,14240.255,137.784,469.49199999999996,1.64,695586.0,58239438.0,175.949,2.101,750231.0,2.267,12.406,0.081,units unclear (incl. non-PCR),68.98,331002647.0,35.608000000000004,38.3,15.413,9.732000000000001,54225.445999999996,1.2,151.089,10.79,19.1,24.6,,2.77,78.86
34356,USA,North America,United States,2020-08-05,4771087.0,57525.0,156806.0,1403.0,14414.045,173.79,473.73,4.239,681537.0,58920975.0,178.00799999999998,2.059,725690.0,2.1919999999999997,12.121,0.083,units unclear (incl. non-PCR),68.98,331002647.0,35.608000000000004,38.3,15.413,9.732000000000001,54225.445999999996,1.2,151.089,10.79,19.1,24.6,,2.77,78.86
34357,USA,North America,United States,2020-08-06,4823891.0,52804.0,158256.0,1450.0,14573.572,159.52700000000002,478.111,4.381,731700.0,59652675.0,180.218,2.211,715096.0,2.16,12.612,0.079,units unclear (incl. non-PCR),68.98,331002647.0,35.608000000000004,38.3,15.413,9.732000000000001,54225.445999999996,1.2,151.089,10.79,19.1,24.6,,2.77,78.86
34358,USA,North America,United States,2020-08-07,4883646.0,59755.0,160104.0,1848.0,14754.1,180.52700000000002,483.694,5.582999999999999,762883.0,60415558.0,182.523,2.305,720368.0,2.176,12.975,0.077,units unclear (incl. non-PCR),,331002647.0,35.608000000000004,38.3,15.413,9.732000000000001,54225.445999999996,1.2,151.089,10.79,19.1,24.6,,2.77,78.86
34359,USA,North America,United States,2020-08-08,4941796.0,58150.0,161356.0,1252.0,14929.778,175.678,487.476,3.782,665029.0,61080587.0,184.532,2.009,711656.0,2.15,13.118,0.076,units unclear (incl. non-PCR),,331002647.0,35.608000000000004,38.3,15.413,9.732000000000001,54225.445999999996,1.2,151.089,10.79,19.1,24.6,,2.77,78.86
34360,USA,North America,United States,2020-08-09,4998017.0,56221.0,162425.0,1069.0,15099.628,169.851,490.70599999999996,3.23,711984.0,61792571.0,186.683,2.151,711487.0,2.149,13.191,0.076,units unclear (incl. non-PCR),,331002647.0,35.608000000000004,38.3,15.413,9.732000000000001,54225.445999999996,1.2,151.089,10.79,19.1,24.6,,2.77,78.86
34361,USA,North America,United States,2020-08-10,5044864.0,46847.0,162938.0,513.0,15241.159,141.531,492.256,1.55,,,,,,,,,,,331002647.0,35.608000000000004,38.3,15.413,9.732000000000001,54225.445999999996,1.2,151.089,10.79,19.1,24.6,,2.77,78.86
34362,USA,North America,United States,2020-08-11,5094394.0,49530.0,163461.0,523.0,15390.795,149.636,493.836,1.58,,,,,,,,,,,331002647.0,35.608000000000004,38.3,15.413,9.732000000000001,54225.445999999996,1.2,151.089,10.79,19.1,24.6,,2.77,78.86
