,iso_code,continent,location,total_cases,new_cases,total_deaths,new_deaths,total_cases_per_million,new_cases_per_million,total_deaths_per_million,new_deaths_per_million,new_tests,total_tests,total_tests_per_thousand,new_tests_per_thousand,new_tests_smoothed,new_tests_smoothed_per_thousand,tests_per_case,positive_rate,tests_units,stringency_index,population,population_density,median_age,aged_65_older,aged_70_older,gdp_per_capita,extreme_poverty,cardiovasc_death_rate,diabetes_prevalence,female_smokers,male_smokers,handwashing_facilities,hospital_beds_per_thousand,life_expectancy
2019-12-31,OWID_WRL,,World,27.0,27.0,0.0,0.0,0.003,0.003,0.0,0.0,,,,,,,,,,,7794798729.0,58.045,30.9,8.696,5.355,15469.207,10.0,233.07,8.51,6.434,34.635,60.13,2.705,72.58
2020-01-01,OWID_WRL,,World,27.0,0.0,0.0,0.0,0.003,0.0,0.0,0.0,,,,,,,,,,,7794798729.0,58.045,30.9,8.696,5.355,15469.207,10.0,233.07,8.51,6.434,34.635,60.13,2.705,72.58
2020-01-02,OWID_WRL,,World,27.0,0.0,0.0,0.0,0.003,0.0,0.0,0.0,,,,,,,,,,,7794798729.0,58.045,30.9,8.696,5.355,15469.207,10.0,233.07,8.51,6.434,34.635,60.13,2.705,72.58
2020-01-03,OWID_WRL,,World,44.0,17.0,0.0,0.0,0.006,0.002,0.0,0.0,,,,,,,,,,,7794798729.0,58.045,30.9,8.696,5.355,15469.207,10.0,233.07,8.51,6.434,34.635,60.13,2.705,72.58
2020-01-04,OWID_WRL,,World,44.0,0.0,0.0,0.0,0.006,0.0,0.0,0.0,,,,,,,,,,,7794798729.0,58.045,30.9,8.696,5.355,15469.207,10.0,233.07,8.51,6.434,34.635,60.13,2.705,72.58
2020-01-05,OWID_WRL,,World,59.0,15.0,0.0,0.0,0.008,0.002,0.0,0.0,,,,,,,,,,,7794798729.0,58.045,30.9,8.696,5.355,15469.207,10.0,233.07,8.51,6.434,34.635,60.13,2.705,72.58
2020-01-06,OWID_WRL,,World,59.0,0.0,0.0,0.0,0.008,0.0,0.0,0.0,,,,,,,,,,,7794798729.0,58.045,30.9,8.696,5.355,15469.207,10.0,233.07,8.51,6.434,34.635,60.13,2.705,72.58
2020-01-07,OWID_WRL,,World,59.0,0.0,0.0,0.0,0.008,0.0,0.0,0.0,,,,,,,,,,,7794798729.0,58.045,30.9,8.696,5.355,15469.207,10.0,233.07,8.51,6.434,34.635,60.13,2.705,72.58
2020-01-08,OWID_WRL,,World,59.0,0.0,0.0,0.0,0.008,0.0,0.0,0.0,,,,,,,,,,,7794798729.0,58.045,30.9,8.696,5.355,15469.207,10.0,233.07,8.51,6.434,34.635,60.13,2.705,72.58
2020-01-09,OWID_WRL,,World,59.0,0.0,0.0,0.0,0.008,0.0,0.0,0.0,,,,,,,,,,,7794798729.0,58.045,30.9,8.696,5.355,15469.207,10.0,233.07,8.51,6.434,34.635,60.13,2.705,72.58
2020-01-10,OWID_WRL,,World,59.0,0.0,0.0,0.0,0.008,0.0,0.0,0.0,,,,,,,,,,,7794798729.0,58.045,30.9,8.696,5.355,15469.207,10.0,233.07,8.51,6.434,34.635,60.13,2.705,72.58
2020-01-11,OWID_WRL,,World,59.0,0.0,1.0,1.0,0.008,0.0,0.0,0.0,,,,,,,,,,,7794798729.0,58.045,30.9,8.696,5.355,15469.207,10.0,233.07,8.51,6.434,34.635,60.13,2.705,72.58
2020-01-12,OWID_WRL,,World,59.0,0.0,1.0,0.0,0.008,0.0,0.0,0.0,,,,,,,,,,,7794798729.0,58.045,30.9,8.696,5.355,15469.207,10.0,233.07,8.51,6.434,34.635,60.13,2.705,72.58
2020-01-13,OWID_WRL,,World,60.0,1.0,1.0,0.0,0.008,0.0,0.0,0.0,,,,,,,,,,,7794798729.0,58.045,30.9,8.696,5.355,15469.207,10.0,233.07,8.51,6.434,34.635,60.13,2.705,72.58
2020-01-14,OWID_WRL,,World,60.0,0.0,1.0,0.0,0.008,0.0,0.0,0.0,,,,,,,,,,,7794798729.0,58.045,30.9,8.696,5.355,15469.207,10.0,233.07,8.51,6.434,34.635,60.13,2.705,72.58
2020-01-15,OWID_WRL,,World,61.0,1.0,2.0,1.0,0.008,0.0,0.0,0.0,,,,,,,,,,,7794798729.0,58.045,30.9,8.696,5.355,15469.207,10.0,233.07,8.51,6.434,34.635,60.13,2.705,72.58
2020-01-16,OWID_WRL,,World,61.0,0.0,2.0,0.0,0.008,0.0,0.0,0.0,,,,,,,,,,,7794798729.0,58.045,30.9,8.696,5.355,15469.207,10.0,233.07,8.51,6.434,34.635,60.13,2.705,72.58
2020-01-17,OWID_WRL,,World,66.0,5.0,2.0,0.0,0.008,0.001,0.0,0.0,,,,,,,,,,,7794798729.0,58.045,30.9,8.696,5.355,15469.207,10.0,233.07,8.51,6.434,34.635,60.13,2.705,72.58
2020-01-18,OWID_WRL,,World,83.0,17.0,2.0,0.0,0.011000000000000001,0.002,0.0,0.0,,,,,,,,,,,7794798729.0,58.045,30.9,8.696,5.355,15469.207,10.0,233.07,8.51,6.434,34.635,60.13,2.705,72.58
2020-01-19,OWID_WRL,,World,219.0,136.0,3.0,1.0,0.027999999999999997,0.017,0.0,0.0,,,,,,,,,,,7794798729.0,58.045,30.9,8.696,5.355,15469.207,10.0,233.07,8.51,6.434,34.635,60.13,2.705,72.58
2020-01-20,OWID_WRL,,World,239.0,20.0,3.0,0.0,0.031,0.003,0.0,0.0,,,,,,,,,,,7794798729.0,58.045,30.9,8.696,5.355,15469.207,10.0,233.07,8.51,6.434,34.635,60.13,2.705,72.58
2020-01-21,OWID_WRL,,World,392.0,153.0,6.0,3.0,0.05,0.02,0.001,0.0,,,,,,,,,,,7794798729.0,58.045,30.9,8.696,5.355,15469.207,10.0,233.07,8.51,6.434,34.635,60.13,2.705,72.58
2020-01-22,OWID_WRL,,World,534.0,142.0,17.0,11.0,0.069,0.018000000000000002,0.002,0.001,,,,,,,,,,,7794798729.0,58.045,30.9,8.696,5.355,15469.207,10.0,233.07,8.51,6.434,34.635,60.13,2.705,72.58
2020-01-23,OWID_WRL,,World,631.0,97.0,17.0,0.0,0.081,0.012,0.002,0.0,,,,,,,,,,,7794798729.0,58.045,30.9,8.696,5.355,15469.207,10.0,233.07,8.51,6.434,34.635,60.13,2.705,72.58
2020-01-24,OWID_WRL,,World,897.0,266.0,26.0,9.0,0.115,0.034,0.003,0.001,,,,,,,,,,,7794798729.0,58.045,30.9,8.696,5.355,15469.207,10.0,233.07,8.51,6.434,34.635,60.13,2.705,72.58
2020-01-25,OWID_WRL,,World,1350.0,453.0,41.0,15.0,0.17300000000000001,0.057999999999999996,0.005,0.002,,,,,,,,,,,7794798729.0,58.045,30.9,8.696,5.355,15469.207,10.0,233.07,8.51,6.434,34.635,60.13,2.705,72.58
2020-01-26,OWID_WRL,,World,2023.0,673.0,56.0,15.0,0.26,0.086,0.006999999999999999,0.002,,,,,,,,,,,7794798729.0,58.045,30.9,8.696,5.355,15469.207,10.0,233.07,8.51,6.434,34.635,60.13,2.705,72.58
2020-01-27,OWID_WRL,,World,2820.0,797.0,81.0,25.0,0.36200000000000004,0.102,0.01,0.003,,,,,,,,,,,7794798729.0,58.045,30.9,8.696,5.355,15469.207,10.0,233.07,8.51,6.434,34.635,60.13,2.705,72.58
2020-01-28,OWID_WRL,,World,4587.0,1767.0,106.0,25.0,0.588,0.22699999999999998,0.013999999999999999,0.003,,,,,,,,,,,7794798729.0,58.045,30.9,8.696,5.355,15469.207,10.0,233.07,8.51,6.434,34.635,60.13,2.705,72.58
2020-01-29,OWID_WRL,,World,6067.0,1480.0,132.0,26.0,0.778,0.19,0.017,0.003,,,,,,,,,,,7794798729.0,58.045,30.9,8.696,5.355,15469.207,10.0,233.07,8.51,6.434,34.635,60.13,2.705,72.58
2020-01-30,OWID_WRL,,World,7823.0,1756.0,170.0,38.0,1.004,0.225,0.022000000000000002,0.005,,,,,,,,,,,7794798729.0,58.045,30.9,8.696,5.355,15469.207,10.0,233.07,8.51,6.434,34.635,60.13,2.705,72.58
2020-01-31,OWID_WRL,,World,9824.0,2001.0,213.0,43.0,1.26,0.257,0.027000000000000003,0.006,,,,,,,,,,,7794798729.0,58.045,30.9,8.696,5.355,15469.207,10.0,233.07,8.51,6.434,34.635,60.13,2.705,72.58
2020-02-01,OWID_WRL,,World,11946.0,2122.0,259.0,46.0,1.5330000000000001,0.272,0.033,0.006,,,,,,,,,,,7794798729.0,58.045,30.9,8.696,5.355,15469.207,10.0,233.07,8.51,6.434,34.635,60.13,2.705,72.58
2020-02-02,OWID_WRL,,World,14554.0,2608.0,305.0,46.0,1.867,0.335,0.039,0.006,,,,,,,,,,,7794798729.0,58.045,30.9,8.696,5.355,15469.207,10.0,233.07,8.51,6.434,34.635,60.13,2.705,72.58
2020-02-03,OWID_WRL,,World,17372.0,2818.0,362.0,57.0,2.229,0.36200000000000004,0.046,0.006999999999999999,,,,,,,,,,,7794798729.0,58.045,30.9,8.696,5.355,15469.207,10.0,233.07,8.51,6.434,34.635,60.13,2.705,72.58
2020-02-04,OWID_WRL,,World,20615.0,3243.0,427.0,65.0,2.645,0.41600000000000004,0.055,0.008,,,,,,,,,,,7794798729.0,58.045,30.9,8.696,5.355,15469.207,10.0,233.07,8.51,6.434,34.635,60.13,2.705,72.58
2020-02-05,OWID_WRL,,World,24523.0,3908.0,493.0,66.0,3.1460000000000004,0.501,0.063,0.008,,,,,,,,,,,7794798729.0,58.045,30.9,8.696,5.355,15469.207,10.0,233.07,8.51,6.434,34.635,60.13,2.705,72.58
2020-02-06,OWID_WRL,,World,28274.0,3751.0,565.0,72.0,3.627,0.48100000000000004,0.07200000000000001,0.009000000000000001,,,,,,,,,,,7794798729.0,58.045,30.9,8.696,5.355,15469.207,10.0,233.07,8.51,6.434,34.635,60.13,2.705,72.58
2020-02-07,OWID_WRL,,World,31492.0,3218.0,638.0,73.0,4.04,0.413,0.08199999999999999,0.009000000000000001,,,,,,,,,,,7794798729.0,58.045,30.9,8.696,5.355,15469.207,10.0,233.07,8.51,6.434,34.635,60.13,2.705,72.58
2020-02-08,OWID_WRL,,World,34934.0,3442.0,724.0,86.0,4.482,0.442,0.09300000000000001,0.011000000000000001,,,,,,,,,,,7794798729.0,58.045,30.9,8.696,5.355,15469.207,10.0,233.07,8.51,6.434,34.635,60.13,2.705,72.58
2020-02-09,OWID_WRL,,World,37552.0,2618.0,813.0,89.0,4.8180000000000005,0.336,0.10400000000000001,0.011000000000000001,,,,,,,,,,,7794798729.0,58.045,30.9,8.696,5.355,15469.207,10.0,233.07,8.51,6.434,34.635,60.13,2.705,72.58
2020-02-10,OWID_WRL,,World,40544.0,2992.0,910.0,97.0,5.2010000000000005,0.384,0.11699999999999999,0.012,,,,,,,,,,,7794798729.0,58.045,30.9,8.696,5.355,15469.207,10.0,233.07,8.51,6.434,34.635,60.13,2.705,72.58
2020-02-11,OWID_WRL,,World,43106.0,2562.0,1018.0,108.0,5.53,0.32899999999999996,0.131,0.013999999999999999,,,,,,,,,,,7794798729.0,58.045,30.9,8.696,5.355,15469.207,10.0,233.07,8.51,6.434,34.635,60.13,2.705,72.58
2020-02-12,OWID_WRL,,World,45178.0,2072.0,1115.0,97.0,5.796,0.266,0.14300000000000002,0.012,,,,,,,,,,,7794798729.0,58.045,30.9,8.696,5.355,15469.207,10.0,233.07,8.51,6.434,34.635,60.13,2.705,72.58
2020-02-13,OWID_WRL,,World,60329.0,15151.0,1370.0,255.0,7.74,1.944,0.17600000000000002,0.033,,,,,,,,,,,7794798729.0,58.045,30.9,8.696,5.355,15469.207,10.0,233.07,8.51,6.434,34.635,60.13,2.705,72.58
2020-02-14,OWID_WRL,,World,64544.0,4215.0,1383.0,13.0,8.28,0.541,0.177,0.002,,,,,,,,,,,7794798729.0,58.045,30.9,8.696,5.355,15469.207,10.0,233.07,8.51,6.434,34.635,60.13,2.705,72.58
2020-02-15,OWID_WRL,,World,67104.0,2560.0,1527.0,144.0,8.609,0.32799999999999996,0.196,0.018000000000000002,,,,,,,,,,,7794798729.0,58.045,30.9,8.696,5.355,15469.207,10.0,233.07,8.51,6.434,34.635,60.13,2.705,72.58
2020-02-16,OWID_WRL,,World,69266.0,2162.0,1669.0,142.0,8.886000000000001,0.27699999999999997,0.214,0.018000000000000002,,,,,,,,,,,7794798729.0,58.045,30.9,8.696,5.355,15469.207,10.0,233.07,8.51,6.434,34.635,60.13,2.705,72.58
2020-02-17,OWID_WRL,,World,71333.0,2067.0,1775.0,106.0,9.151,0.265,0.228,0.013999999999999999,,,,,,,,,,,7794798729.0,58.045,30.9,8.696,5.355,15469.207,10.0,233.07,8.51,6.434,34.635,60.13,2.705,72.58
2020-02-18,OWID_WRL,,World,73328.0,1995.0,1873.0,98.0,9.407,0.256,0.24,0.013000000000000001,,,,,,,,,,,7794798729.0,58.045,30.9,8.696,5.355,15469.207,10.0,233.07,8.51,6.434,34.635,60.13,2.705,72.58
2020-02-19,OWID_WRL,,World,75192.0,1864.0,2012.0,139.0,9.646,0.239,0.258,0.018000000000000002,,,,,,,,,,,7794798729.0,58.045,30.9,8.696,5.355,15469.207,10.0,233.07,8.51,6.434,34.635,60.13,2.705,72.58
2020-02-20,OWID_WRL,,World,75724.0,532.0,2128.0,116.0,9.715,0.068,0.273,0.015,,,,,,,,,,,7794798729.0,58.045,30.9,8.696,5.355,15469.207,10.0,233.07,8.51,6.434,34.635,60.13,2.705,72.58
2020-02-21,OWID_WRL,,World,76720.0,996.0,2247.0,119.0,9.842,0.128,0.28800000000000003,0.015,,,,,,,,,,,7794798729.0,58.045,30.9,8.696,5.355,15469.207,10.0,233.07,8.51,6.434,34.635,60.13,2.705,72.58
2020-02-22,OWID_WRL,,World,77805.0,1085.0,2359.0,112.0,9.982000000000001,0.139,0.303,0.013999999999999999,,,,,,,,,,,7794798729.0,58.045,30.9,8.696,5.355,15469.207,10.0,233.07,8.51,6.434,34.635,60.13,2.705,72.58
2020-02-23,OWID_WRL,,World,78814.0,1009.0,2463.0,104.0,10.111,0.129,0.316,0.013000000000000001,,,,,,,,,,,7794798729.0,58.045,30.9,8.696,5.355,15469.207,10.0,233.07,8.51,6.434,34.635,60.13,2.705,72.58
2020-02-24,OWID_WRL,,World,79337.0,523.0,2619.0,156.0,10.177999999999999,0.067,0.336,0.02,,,,,,,,,,,7794798729.0,58.045,30.9,8.696,5.355,15469.207,10.0,233.07,8.51,6.434,34.635,60.13,2.705,72.58
2020-02-25,OWID_WRL,,World,80130.0,793.0,2698.0,79.0,10.28,0.102,0.34600000000000003,0.01,,,,,,,,,,,7794798729.0,58.045,30.9,8.696,5.355,15469.207,10.0,233.07,8.51,6.434,34.635,60.13,2.705,72.58
2020-02-26,OWID_WRL,,World,80997.0,867.0,2762.0,64.0,10.390999999999998,0.111,0.354,0.008,,,,,,,,,,,7794798729.0,58.045,30.9,8.696,5.355,15469.207,10.0,233.07,8.51,6.434,34.635,60.13,2.705,72.58
2020-02-27,OWID_WRL,,World,82111.0,1114.0,2800.0,38.0,10.534,0.14300000000000002,0.359,0.005,,,,,,,,,,,7794798729.0,58.045,30.9,8.696,5.355,15469.207,10.0,233.07,8.51,6.434,34.635,60.13,2.705,72.58
2020-02-28,OWID_WRL,,World,83381.0,1270.0,2857.0,57.0,10.697000000000001,0.163,0.36700000000000005,0.006999999999999999,,,,,,,,,,,7794798729.0,58.045,30.9,8.696,5.355,15469.207,10.0,233.07,8.51,6.434,34.635,60.13,2.705,72.58
2020-02-29,OWID_WRL,,World,85237.0,1856.0,2921.0,64.0,10.935,0.23800000000000002,0.375,0.008,,,,,,,,,,,7794798729.0,58.045,30.9,8.696,5.355,15469.207,10.0,233.07,8.51,6.434,34.635,60.13,2.705,72.58
2020-03-01,OWID_WRL,,World,87061.0,1824.0,2979.0,58.0,11.169,0.23399999999999999,0.382,0.006999999999999999,,,,,,,,,,,7794798729.0,58.045,30.9,8.696,5.355,15469.207,10.0,233.07,8.51,6.434,34.635,60.13,2.705,72.58
2020-03-02,OWID_WRL,,World,89147.0,2086.0,3046.0,67.0,11.437000000000001,0.268,0.391,0.009000000000000001,,,,,,,,,,,7794798729.0,58.045,30.9,8.696,5.355,15469.207,10.0,233.07,8.51,6.434,34.635,60.13,2.705,72.58
2020-03-03,OWID_WRL,,World,91001.0,1854.0,3118.0,72.0,11.675,0.23800000000000002,0.4,0.009000000000000001,,,,,,,,,,,7794798729.0,58.045,30.9,8.696,5.355,15469.207,10.0,233.07,8.51,6.434,34.635,60.13,2.705,72.58
2020-03-04,OWID_WRL,,World,93310.0,2309.0,3202.0,84.0,11.970999999999998,0.29600000000000004,0.41100000000000003,0.011000000000000001,,,,,,,,,,,7794798729.0,58.045,30.9,8.696,5.355,15469.207,10.0,233.07,8.51,6.434,34.635,60.13,2.705,72.58
2020-03-05,OWID_WRL,,World,95646.0,2336.0,3282.0,80.0,12.27,0.3,0.42100000000000004,0.01,,,,,,,,,,,7794798729.0,58.045,30.9,8.696,5.355,15469.207,10.0,233.07,8.51,6.434,34.635,60.13,2.705,72.58
2020-03-06,OWID_WRL,,World,98705.0,3059.0,3384.0,102.0,12.663,0.392,0.434,0.013000000000000001,,,,,,,,,,,7794798729.0,58.045,30.9,8.696,5.355,15469.207,10.0,233.07,8.51,6.434,34.635,60.13,2.705,72.58
2020-03-07,OWID_WRL,,World,102842.0,4137.0,3488.0,104.0,13.194,0.531,0.447,0.013000000000000001,,,,,,,,,,,7794798729.0,58.045,30.9,8.696,5.355,15469.207,10.0,233.07,8.51,6.434,34.635,60.13,2.705,72.58
2020-03-08,OWID_WRL,,World,106812.0,3970.0,3585.0,97.0,13.703,0.509,0.46,0.012,,,,,,,,,,,7794798729.0,58.045,30.9,8.696,5.355,15469.207,10.0,233.07,8.51,6.434,34.635,60.13,2.705,72.58
2020-03-09,OWID_WRL,,World,110984.0,4172.0,3813.0,228.0,14.238,0.535,0.489,0.028999999999999998,,,,,,,,,,,7794798729.0,58.045,30.9,8.696,5.355,15469.207,10.0,233.07,8.51,6.434,34.635,60.13,2.705,72.58
2020-03-10,OWID_WRL,,World,115746.0,4762.0,4021.0,208.0,14.849,0.611,0.516,0.027000000000000003,,,,,,,,,,,7794798729.0,58.045,30.9,8.696,5.355,15469.207,10.0,233.07,8.51,6.434,34.635,60.13,2.705,72.58
2020-03-11,OWID_WRL,,World,120832.0,5086.0,4294.0,273.0,15.502,0.652,0.551,0.035,,,,,,,,,,,7794798729.0,58.045,30.9,8.696,5.355,15469.207,10.0,233.07,8.51,6.434,34.635,60.13,2.705,72.58
2020-03-12,OWID_WRL,,World,128670.0,7838.0,4620.0,326.0,16.507,1.006,0.593,0.042,,,,,,,,,,,7794798729.0,58.045,30.9,8.696,5.355,15469.207,10.0,233.07,8.51,6.434,34.635,60.13,2.705,72.58
2020-03-13,OWID_WRL,,World,138128.0,9458.0,4970.0,350.0,17.721,1.213,0.638,0.045,,,,,,,,,,,7794798729.0,58.045,30.9,8.696,5.355,15469.207,10.0,233.07,8.51,6.434,34.635,60.13,2.705,72.58
2020-03-14,OWID_WRL,,World,148544.0,10416.0,5412.0,442.0,19.057000000000002,1.3359999999999999,0.6940000000000001,0.057,,,,,,,,,,,7794798729.0,58.045,30.9,8.696,5.355,15469.207,10.0,233.07,8.51,6.434,34.635,60.13,2.705,72.58
2020-03-15,OWID_WRL,,World,160775.0,12231.0,5777.0,365.0,20.625999999999998,1.569,0.741,0.047,,,,,,,,,,,7794798729.0,58.045,30.9,8.696,5.355,15469.207,10.0,233.07,8.51,6.434,34.635,60.13,2.705,72.58
2020-03-16,OWID_WRL,,World,173280.0,12505.0,6529.0,752.0,22.23,1.604,0.838,0.096,,,,,,,,,,,7794798729.0,58.045,30.9,8.696,5.355,15469.207,10.0,233.07,8.51,6.434,34.635,60.13,2.705,72.58
2020-03-17,OWID_WRL,,World,187486.0,14206.0,7137.0,608.0,24.053,1.8219999999999998,0.9159999999999999,0.078,,,,,,,,,,,7794798729.0,58.045,30.9,8.696,5.355,15469.207,10.0,233.07,8.51,6.434,34.635,60.13,2.705,72.58
2020-03-18,OWID_WRL,,World,204421.0,16935.0,7949.0,812.0,26.225,2.173,1.02,0.10400000000000001,,,,,,,,,,,7794798729.0,58.045,30.9,8.696,5.355,15469.207,10.0,233.07,8.51,6.434,34.635,60.13,2.705,72.58
2020-03-19,OWID_WRL,,World,224618.0,20197.0,8908.0,959.0,28.816,2.591,1.143,0.12300000000000001,,,,,,,,,,,7794798729.0,58.045,30.9,8.696,5.355,15469.207,10.0,233.07,8.51,6.434,34.635,60.13,2.705,72.58
2020-03-20,OWID_WRL,,World,255698.0,31080.0,9968.0,1060.0,32.804,3.987,1.2790000000000001,0.136,,,,,,,,,,,7794798729.0,58.045,30.9,8.696,5.355,15469.207,10.0,233.07,8.51,6.434,34.635,60.13,2.705,72.58
2020-03-21,OWID_WRL,,World,287620.0,31922.0,11352.0,1384.0,36.899,4.095,1.456,0.17800000000000002,,,,,,,,,,,7794798729.0,58.045,30.9,8.696,5.355,15469.207,10.0,233.07,8.51,6.434,34.635,60.13,2.705,72.58
2020-03-22,OWID_WRL,,World,321828.0,34208.0,13061.0,1709.0,41.288000000000004,4.388999999999999,1.676,0.21899999999999997,,,,,,,,,,,7794798729.0,58.045,30.9,8.696,5.355,15469.207,10.0,233.07,8.51,6.434,34.635,60.13,2.705,72.58
2020-03-23,OWID_WRL,,World,356230.0,34402.0,14736.0,1675.0,45.701,4.413,1.89,0.215,,,,,,,,,,,7794798729.0,58.045,30.9,8.696,5.355,15469.207,10.0,233.07,8.51,6.434,34.635,60.13,2.705,72.58
2020-03-24,OWID_WRL,,World,400559.0,44329.0,16581.0,1845.0,51.388000000000005,5.687,2.127,0.237,,,,,,,,,,,7794798729.0,58.045,30.9,8.696,5.355,15469.207,10.0,233.07,8.51,6.434,34.635,60.13,2.705,72.58
2020-03-25,OWID_WRL,,World,442984.0,42425.0,18885.0,2304.0,56.831,5.443,2.423,0.29600000000000004,,,,,,,,,,,7794798729.0,58.045,30.9,8.696,5.355,15469.207,10.0,233.07,8.51,6.434,34.635,60.13,2.705,72.58
2020-03-26,OWID_WRL,,World,496652.0,53668.0,21499.0,2614.0,63.716,6.885,2.758,0.335,,,,,,,,,,,7794798729.0,58.045,30.9,8.696,5.355,15469.207,10.0,233.07,8.51,6.434,34.635,60.13,2.705,72.58
2020-03-27,OWID_WRL,,World,557677.0,61025.0,24308.0,2809.0,71.545,7.829,3.1180000000000003,0.36,,,,,,,,,,,7794798729.0,58.045,30.9,8.696,5.355,15469.207,10.0,233.07,8.51,6.434,34.635,60.13,2.705,72.58
2020-03-28,OWID_WRL,,World,622655.0,64978.0,27785.0,3477.0,79.881,8.336,3.565,0.446,,,,,,,,,,,7794798729.0,58.045,30.9,8.696,5.355,15469.207,10.0,233.07,8.51,6.434,34.635,60.13,2.705,72.58
2020-03-29,OWID_WRL,,World,685562.0,62907.0,31344.0,3559.0,87.95100000000001,8.07,4.021,0.457,,,,,,,,,,,7794798729.0,58.045,30.9,8.696,5.355,15469.207,10.0,233.07,8.51,6.434,34.635,60.13,2.705,72.58
2020-03-30,OWID_WRL,,World,742902.0,57340.0,34537.0,3193.0,95.307,7.356,4.431,0.41,,,,,,,,,,,7794798729.0,58.045,30.9,8.696,5.355,15469.207,10.0,233.07,8.51,6.434,34.635,60.13,2.705,72.58
2020-03-31,OWID_WRL,,World,807308.0,64406.0,38520.0,3983.0,103.57,8.263,4.942,0.511,,,,,,,,,,,7794798729.0,58.045,30.9,8.696,5.355,15469.207,10.0,233.07,8.51,6.434,34.635,60.13,2.705,72.58
2020-04-01,OWID_WRL,,World,881922.0,74614.0,43141.0,4621.0,113.14200000000001,9.572000000000001,5.535,0.593,,,,,,,,,,,7794798729.0,58.045,30.9,8.696,5.355,15469.207,10.0,233.07,8.51,6.434,34.635,60.13,2.705,72.58
2020-04-02,OWID_WRL,,World,959399.0,77477.0,48179.0,5038.0,123.08200000000001,9.94,6.181,0.6459999999999999,,,,,,,,,,,7794798729.0,58.045,30.9,8.696,5.355,15469.207,10.0,233.07,8.51,6.434,34.635,60.13,2.705,72.58
2020-04-03,OWID_WRL,,World,1036805.0,77406.0,53167.0,4988.0,133.012,9.93,6.821000000000001,0.64,,,,,,,,,,,7794798729.0,58.045,30.9,8.696,5.355,15469.207,10.0,233.07,8.51,6.434,34.635,60.13,2.705,72.58
2020-04-04,OWID_WRL,,World,1118640.0,81835.0,59899.0,6732.0,143.511,10.499,7.684,0.8640000000000001,,,,,,,,,,,7794798729.0,58.045,30.9,8.696,5.355,15469.207,10.0,233.07,8.51,6.434,34.635,60.13,2.705,72.58
2020-04-05,OWID_WRL,,World,1203896.0,85256.0,66177.0,6278.0,154.44899999999998,10.937999999999999,8.49,0.805,,,,,,,,,,,7794798729.0,58.045,30.9,8.696,5.355,15469.207,10.0,233.07,8.51,6.434,34.635,60.13,2.705,72.58
2020-04-06,OWID_WRL,,World,1270226.0,66330.0,70925.0,4748.0,162.958,8.51,9.099,0.609,,,,,,,,,,,7794798729.0,58.045,30.9,8.696,5.355,15469.207,10.0,233.07,8.51,6.434,34.635,60.13,2.705,72.58
2020-04-07,OWID_WRL,,World,1343197.0,72971.0,76272.0,5347.0,172.32,9.361,9.785,0.6859999999999999,,,,,,,,,,,7794798729.0,58.045,30.9,8.696,5.355,15469.207,10.0,233.07,8.51,6.434,34.635,60.13,2.705,72.58
2020-04-08,OWID_WRL,,World,1420189.0,76992.0,83837.0,7565.0,182.197,9.877,10.755999999999998,0.971,,,,,,,,,,,7794798729.0,58.045,30.9,8.696,5.355,15469.207,10.0,233.07,8.51,6.434,34.635,60.13,2.705,72.58
2020-04-09,OWID_WRL,,World,1505176.0,84987.0,90389.0,6552.0,193.1,10.902999999999999,11.595999999999998,0.841,,,,,,,,,,,7794798729.0,58.045,30.9,8.696,5.355,15469.207,10.0,233.07,8.51,6.434,34.635,60.13,2.705,72.58
2020-04-10,OWID_WRL,,World,1592503.0,87327.0,97826.0,7437.0,204.303,11.203,12.55,0.9540000000000001,,,,,,,,,,,7794798729.0,58.045,30.9,8.696,5.355,15469.207,10.0,233.07,8.51,6.434,34.635,60.13,2.705,72.58
2020-04-11,OWID_WRL,,World,1682093.0,89590.0,104874.0,7048.0,215.797,11.494000000000002,13.454,0.904,,,,,,,,,,,7794798729.0,58.045,30.9,8.696,5.355,15469.207,10.0,233.07,8.51,6.434,34.635,60.13,2.705,72.58
2020-04-12,OWID_WRL,,World,1757468.0,75375.0,110854.0,5980.0,225.467,9.67,14.222000000000001,0.767,,,,,,,,,,,7794798729.0,58.045,30.9,8.696,5.355,15469.207,10.0,233.07,8.51,6.434,34.635,60.13,2.705,72.58
2020-04-13,OWID_WRL,,World,1825867.0,68399.0,116209.0,5355.0,234.24200000000002,8.775,14.909,0.687,,,,,,,,,,,7794798729.0,58.045,30.9,8.696,5.355,15469.207,10.0,233.07,8.51,6.434,34.635,60.13,2.705,72.58
2020-04-14,OWID_WRL,,World,1890610.0,64743.0,121558.0,5349.0,242.548,8.306000000000001,15.595,0.6859999999999999,,,,,,,,,,,7794798729.0,58.045,30.9,8.696,5.355,15469.207,10.0,233.07,8.51,6.434,34.635,60.13,2.705,72.58
2020-04-15,OWID_WRL,,World,1967123.0,76513.0,129184.0,7626.0,252.364,9.816,16.573,0.978,,,,,,,,,,,7794798729.0,58.045,30.9,8.696,5.355,15469.207,10.0,233.07,8.51,6.434,34.635,60.13,2.705,72.58
2020-04-16,OWID_WRL,,World,2045358.0,78235.0,139688.0,10504.0,262.4,10.037,17.921,1.348,,,,,,,,,,,7794798729.0,58.045,30.9,8.696,5.355,15469.207,10.0,233.07,8.51,6.434,34.635,60.13,2.705,72.58
2020-04-17,OWID_WRL,,World,2129281.0,83923.0,148232.0,8544.0,273.16700000000003,10.767000000000001,19.017,1.0959999999999999,,,,,,,,,,,7794798729.0,58.045,30.9,8.696,5.355,15469.207,10.0,233.07,8.51,6.434,34.635,60.13,2.705,72.58
2020-04-18,OWID_WRL,,World,2211047.0,81766.0,156702.0,8470.0,283.657,10.49,20.102999999999998,1.087,,,,,,,,,,,7794798729.0,58.045,30.9,8.696,5.355,15469.207,10.0,233.07,8.51,6.434,34.635,60.13,2.705,72.58
2020-04-19,OWID_WRL,,World,2290684.0,79637.0,163110.0,6408.0,293.873,10.217,20.925,0.8220000000000001,,,,,,,,,,,7794798729.0,58.045,30.9,8.696,5.355,15469.207,10.0,233.07,8.51,6.434,34.635,60.13,2.705,72.58
2020-04-20,OWID_WRL,,World,2361423.0,70739.0,168127.0,5017.0,302.949,9.075,21.569000000000003,0.644,,,,,,,,,,,7794798729.0,58.045,30.9,8.696,5.355,15469.207,10.0,233.07,8.51,6.434,34.635,60.13,2.705,72.58
2020-04-21,OWID_WRL,,World,2435090.0,73667.0,173513.0,5386.0,312.399,9.451,22.26,0.691,,,,,,,,,,,7794798729.0,58.045,30.9,8.696,5.355,15469.207,10.0,233.07,8.51,6.434,34.635,60.13,2.705,72.58
2020-04-22,OWID_WRL,,World,2521593.0,86503.0,180827.0,7314.0,323.497,11.097999999999999,23.198,0.938,,,,,,,,,,,7794798729.0,58.045,30.9,8.696,5.355,15469.207,10.0,233.07,8.51,6.434,34.635,60.13,2.705,72.58
2020-04-23,OWID_WRL,,World,2587897.0,66304.0,186858.0,6031.0,332.00300000000004,8.506,23.971999999999998,0.774,,,,,,,,,,,7794798729.0,58.045,30.9,8.696,5.355,15469.207,10.0,233.07,8.51,6.434,34.635,60.13,2.705,72.58
2020-04-24,OWID_WRL,,World,2666376.0,78479.0,194257.0,7399.0,342.07099999999997,10.068,24.921,0.9490000000000001,,,,,,,,,,,7794798729.0,58.045,30.9,8.696,5.355,15469.207,10.0,233.07,8.51,6.434,34.635,60.13,2.705,72.58
2020-04-25,OWID_WRL,,World,2739199.0,72823.0,199647.0,5390.0,351.414,9.343,25.613000000000003,0.691,,,,,,,,,,,7794798729.0,58.045,30.9,8.696,5.355,15469.207,10.0,233.07,8.51,6.434,34.635,60.13,2.705,72.58
2020-04-26,OWID_WRL,,World,2839118.0,99919.0,205816.0,6169.0,364.23199999999997,12.819,26.404,0.7909999999999999,,,,,,,,,,,7794798729.0,58.045,30.9,8.696,5.355,15469.207,10.0,233.07,8.51,6.434,34.635,60.13,2.705,72.58
2020-04-27,OWID_WRL,,World,2920956.0,81838.0,209734.0,3918.0,374.731,10.499,26.906999999999996,0.503,,,,,,,,,,,7794798729.0,58.045,30.9,8.696,5.355,15469.207,10.0,233.07,8.51,6.434,34.635,60.13,2.705,72.58
2020-04-28,OWID_WRL,,World,2986501.0,65545.0,214649.0,4915.0,383.14,8.408999999999999,27.537,0.631,,,,,,,,,,,7794798729.0,58.045,30.9,8.696,5.355,15469.207,10.0,233.07,8.51,6.434,34.635,60.13,2.705,72.58
2020-04-29,OWID_WRL,,World,3058701.0,72200.0,221160.0,6511.0,392.403,9.263,28.373,0.835,,,,,,,,,,,7794798729.0,58.045,30.9,8.696,5.355,15469.207,10.0,233.07,8.51,6.434,34.635,60.13,2.705,72.58
2020-04-30,OWID_WRL,,World,3137393.0,78692.0,227763.0,6603.0,402.49800000000005,10.095,29.22,0.847,,,,,,,,,,,7794798729.0,58.045,30.9,8.696,5.355,15469.207,10.0,233.07,8.51,6.434,34.635,60.13,2.705,72.58
2020-05-01,OWID_WRL,,World,3222881.0,85488.0,233496.0,5733.0,413.466,10.967,29.955,0.735,,,,,,,,,,,7794798729.0,58.045,30.9,8.696,5.355,15469.207,10.0,233.07,8.51,6.434,34.635,60.13,2.705,72.58
2020-05-02,OWID_WRL,,World,3311444.0,88563.0,239109.0,5613.0,424.827,11.362,30.675,0.72,,,,,,,,,,,7794798729.0,58.045,30.9,8.696,5.355,15469.207,10.0,233.07,8.51,6.434,34.635,60.13,2.705,72.58
2020-05-03,OWID_WRL,,World,3392334.0,80890.0,243895.0,4786.0,435.205,10.377,31.289,0.614,,,,,,,,,,,7794798729.0,58.045,30.9,8.696,5.355,15469.207,10.0,233.07,8.51,6.434,34.635,60.13,2.705,72.58
2020-05-04,OWID_WRL,,World,3469475.0,77141.0,247600.0,3705.0,445.101,9.896,31.765,0.475,,,,,,,,,,,7794798729.0,58.045,30.9,8.696,5.355,15469.207,10.0,233.07,8.51,6.434,34.635,60.13,2.705,72.58
2020-05-05,OWID_WRL,,World,3545938.0,76463.0,251611.0,4011.0,454.911,9.809,32.279,0.515,,,,,,,,,,,7794798729.0,58.045,30.9,8.696,5.355,15469.207,10.0,233.07,8.51,6.434,34.635,60.13,2.705,72.58
2020-05-06,OWID_WRL,,World,3624460.0,78522.0,257549.0,5938.0,464.98400000000004,10.074,33.041,0.762,,,,,,,,,,,7794798729.0,58.045,30.9,8.696,5.355,15469.207,10.0,233.07,8.51,6.434,34.635,60.13,2.705,72.58
2020-05-07,OWID_WRL,,World,3711973.0,87513.0,263691.0,6142.0,476.212,11.227,33.829,0.7879999999999999,,,,,,,,,,,7794798729.0,58.045,30.9,8.696,5.355,15469.207,10.0,233.07,8.51,6.434,34.635,60.13,2.705,72.58
2020-05-08,OWID_WRL,,World,3804318.0,92345.0,269441.0,5750.0,488.059,11.847000000000001,34.567,0.738,,,,,,,,,,,7794798729.0,58.045,30.9,8.696,5.355,15469.207,10.0,233.07,8.51,6.434,34.635,60.13,2.705,72.58
2020-05-09,OWID_WRL,,World,3893471.0,89153.0,274672.0,5231.0,499.496,11.437000000000001,35.238,0.6709999999999999,,,,,,,,,,,7794798729.0,58.045,30.9,8.696,5.355,15469.207,10.0,233.07,8.51,6.434,34.635,60.13,2.705,72.58
2020-05-10,OWID_WRL,,World,3982462.0,88991.0,279123.0,4451.0,510.913,11.417,35.809,0.5710000000000001,,,,,,,,,,,7794798729.0,58.045,30.9,8.696,5.355,15469.207,10.0,233.07,8.51,6.434,34.635,60.13,2.705,72.58
2020-05-11,OWID_WRL,,World,4057278.0,74816.0,282533.0,3410.0,520.511,9.597999999999999,36.246,0.43700000000000006,,,,,,,,,,,7794798729.0,58.045,30.9,8.696,5.355,15469.207,10.0,233.07,8.51,6.434,34.635,60.13,2.705,72.58
2020-05-12,OWID_WRL,,World,4126905.0,69627.0,286110.0,3577.0,529.443,8.932,36.705,0.45899999999999996,,,,,,,,,,,7794798729.0,58.045,30.9,8.696,5.355,15469.207,10.0,233.07,8.51,6.434,34.635,60.13,2.705,72.58
2020-05-13,OWID_WRL,,World,4212962.0,86057.0,291882.0,5772.0,540.484,11.04,37.446,0.74,,,,,,,,,,,7794798729.0,58.045,30.9,8.696,5.355,15469.207,10.0,233.07,8.51,6.434,34.635,60.13,2.705,72.58
2020-05-14,OWID_WRL,,World,4299157.0,86195.0,297044.0,5162.0,551.5419999999999,11.058,38.108000000000004,0.662,,,,,,,,,,,7794798729.0,58.045,30.9,8.696,5.355,15469.207,10.0,233.07,8.51,6.434,34.635,60.13,2.705,72.58
2020-05-15,OWID_WRL,,World,4395716.0,96559.0,302402.0,5358.0,563.929,12.388,38.795,0.687,,,,,,,,,,,7794798729.0,58.045,30.9,8.696,5.355,15469.207,10.0,233.07,8.51,6.434,34.635,60.13,2.705,72.58
2020-05-16,OWID_WRL,,World,4492870.0,97154.0,307548.0,5146.0,576.393,12.464,39.455999999999996,0.66,,,,,,,,,,,7794798729.0,58.045,30.9,8.696,5.355,15469.207,10.0,233.07,8.51,6.434,34.635,60.13,2.705,72.58
2020-05-17,OWID_WRL,,World,4585917.0,93047.0,311819.0,4271.0,588.33,11.937000000000001,40.003,0.5479999999999999,,,,,,,,,,,7794798729.0,58.045,30.9,8.696,5.355,15469.207,10.0,233.07,8.51,6.434,34.635,60.13,2.705,72.58
2020-05-18,OWID_WRL,,World,4665627.0,79710.0,314776.0,2957.0,598.556,10.226,40.383,0.379,,,,,,,,,,,7794798729.0,58.045,30.9,8.696,5.355,15469.207,10.0,233.07,8.51,6.434,34.635,60.13,2.705,72.58
2020-05-19,OWID_WRL,,World,4751798.0,86171.0,318046.0,3270.0,609.611,11.055,40.802,0.42,,,,,,,,,,,7794798729.0,58.045,30.9,8.696,5.355,15469.207,10.0,233.07,8.51,6.434,34.635,60.13,2.705,72.58
2020-05-20,OWID_WRL,,World,4847089.0,95291.0,323279.0,5233.0,621.836,12.225,41.474,0.6709999999999999,,,,,,,,,,,7794798729.0,58.045,30.9,8.696,5.355,15469.207,10.0,233.07,8.51,6.434,34.635,60.13,2.705,72.58
2020-05-21,OWID_WRL,,World,4950342.0,103253.0,328076.0,4797.0,635.0830000000001,13.245999999999999,42.089,0.615,,,,,,,,,,,7794798729.0,58.045,30.9,8.696,5.355,15469.207,10.0,233.07,8.51,6.434,34.635,60.13,2.705,72.58
2020-05-22,OWID_WRL,,World,5058161.0,107819.0,333512.0,5436.0,648.915,13.832,42.786,0.6970000000000001,,,,,,,,,,,7794798729.0,58.045,30.9,8.696,5.355,15469.207,10.0,233.07,8.51,6.434,34.635,60.13,2.705,72.58
2020-05-23,OWID_WRL,,World,5164066.0,105905.0,338220.0,4708.0,662.502,13.587,43.39,0.604,,,,,,,,,,,7794798729.0,58.045,30.9,8.696,5.355,15469.207,10.0,233.07,8.51,6.434,34.635,60.13,2.705,72.58
2020-05-24,OWID_WRL,,World,5264070.0,100004.0,342210.0,3990.0,675.331,12.83,43.902,0.512,,,,,,,,,,,7794798729.0,58.045,30.9,8.696,5.355,15469.207,10.0,233.07,8.51,6.434,34.635,60.13,2.705,72.58
2020-05-25,OWID_WRL,,World,5357286.0,93216.0,343341.0,1131.0,687.29,11.959000000000001,44.047,0.145,,,,,,,,,,,7794798729.0,58.045,30.9,8.696,5.355,15469.207,10.0,233.07,8.51,6.434,34.635,60.13,2.705,72.58
2020-05-26,OWID_WRL,,World,5446021.0,88735.0,346714.0,3373.0,698.674,11.384,44.48,0.433,,,,,,,,,,,7794798729.0,58.045,30.9,8.696,5.355,15469.207,10.0,233.07,8.51,6.434,34.635,60.13,2.705,72.58
2020-05-27,OWID_WRL,,World,5539652.0,93631.0,350674.0,3960.0,710.686,12.012,44.988,0.508,,,,,,,,,,,7794798729.0,58.045,30.9,8.696,5.355,15469.207,10.0,233.07,8.51,6.434,34.635,60.13,2.705,72.58
2020-05-28,OWID_WRL,,World,5642322.0,102670.0,355895.0,5221.0,723.857,13.172,45.658,0.67,,,,,,,,,,,7794798729.0,58.045,30.9,8.696,5.355,15469.207,10.0,233.07,8.51,6.434,34.635,60.13,2.705,72.58
2020-05-29,OWID_WRL,,World,5760690.0,118368.0,360611.0,4716.0,739.043,15.186,46.263000000000005,0.605,,,,,,,,,,,7794798729.0,58.045,30.9,8.696,5.355,15469.207,10.0,233.07,8.51,6.434,34.635,60.13,2.705,72.58
2020-05-30,OWID_WRL,,World,5882735.0,122045.0,365404.0,4793.0,754.7,15.657,46.878,0.615,,,,,,,,,,,7794798729.0,58.045,30.9,8.696,5.355,15469.207,10.0,233.07,8.51,6.434,34.635,60.13,2.705,72.58
2020-05-31,OWID_WRL,,World,6010877.0,128142.0,369498.0,4094.0,771.1389999999999,16.439,47.403,0.525,,,,,,,,,,,7794798729.0,58.045,30.9,8.696,5.355,15469.207,10.0,233.07,8.51,6.434,34.635,60.13,2.705,72.58
2020-06-01,OWID_WRL,,World,6117757.0,106880.0,372418.0,2920.0,784.8510000000001,13.712,47.778,0.375,,,,,,,,,,,7794798729.0,58.045,30.9,8.696,5.355,15469.207,10.0,233.07,8.51,6.434,34.635,60.13,2.705,72.58
2020-06-02,OWID_WRL,,World,6217677.0,99920.0,375560.0,3142.0,797.67,12.819,48.181000000000004,0.40299999999999997,,,,,,,,,,,7794798729.0,58.045,30.9,8.696,5.355,15469.207,10.0,233.07,8.51,6.434,34.635,60.13,2.705,72.58
2020-06-03,OWID_WRL,,World,6329937.0,112260.0,380207.0,4647.0,812.072,14.402000000000001,48.777,0.596,,,,,,,,,,,7794798729.0,58.045,30.9,8.696,5.355,15469.207,10.0,233.07,8.51,6.434,34.635,60.13,2.705,72.58
2020-06-04,OWID_WRL,,World,6456617.0,126680.0,385880.0,5673.0,828.324,16.252,49.505,0.728,,,,,,,,,,,7794798729.0,58.045,30.9,8.696,5.355,15469.207,10.0,233.07,8.51,6.434,34.635,60.13,2.705,72.58
2020-06-05,OWID_WRL,,World,6583580.0,126963.0,391034.0,5154.0,844.612,16.288,50.166000000000004,0.6609999999999999,,,,,,,,,,,7794798729.0,58.045,30.9,8.696,5.355,15469.207,10.0,233.07,8.51,6.434,34.635,60.13,2.705,72.58
2020-06-06,OWID_WRL,,World,6716677.0,133097.0,395813.0,4779.0,861.687,17.075,50.778999999999996,0.613,,,,,,,,,,,7794798729.0,58.045,30.9,8.696,5.355,15469.207,10.0,233.07,8.51,6.434,34.635,60.13,2.705,72.58
2020-06-07,OWID_WRL,,World,6842839.0,126162.0,399652.0,3839.0,877.872,16.185,51.272,0.493,,,,,,,,,,,7794798729.0,58.045,30.9,8.696,5.355,15469.207,10.0,233.07,8.51,6.434,34.635,60.13,2.705,72.58
2020-06-08,OWID_WRL,,World,6958054.0,115215.0,403156.0,3504.0,892.653,14.780999999999999,51.721000000000004,0.45,,,,,,,,,,,7794798729.0,58.045,30.9,8.696,5.355,15469.207,10.0,233.07,8.51,6.434,34.635,60.13,2.705,72.58
2020-06-09,OWID_WRL,,World,7063401.0,105347.0,406375.0,3219.0,906.168,13.515,52.13399999999999,0.413,,,,,,,,,,,7794798729.0,58.045,30.9,8.696,5.355,15469.207,10.0,233.07,8.51,6.434,34.635,60.13,2.705,72.58
2020-06-10,OWID_WRL,,World,7188494.0,125093.0,411312.0,4937.0,922.217,16.048,52.766999999999996,0.633,,,,,,,,,,,7794798729.0,58.045,30.9,8.696,5.355,15469.207,10.0,233.07,8.51,6.434,34.635,60.13,2.705,72.58
2020-06-11,OWID_WRL,,World,7322800.0,134306.0,416567.0,5255.0,939.447,17.23,53.442,0.674,,,,,,,,,,,7794798729.0,58.045,30.9,8.696,5.355,15469.207,10.0,233.07,8.51,6.434,34.635,60.13,2.705,72.58
2020-06-12,OWID_WRL,,World,7459136.0,136336.0,421322.0,4755.0,956.938,17.491,54.052,0.61,,,,,,,,,,,7794798729.0,58.045,30.9,8.696,5.355,15469.207,10.0,233.07,8.51,6.434,34.635,60.13,2.705,72.58
2020-06-13,OWID_WRL,,World,7603829.0,144693.0,426053.0,4731.0,975.5,18.563,54.659,0.607,,,,,,,,,,,7794798729.0,58.045,30.9,8.696,5.355,15469.207,10.0,233.07,8.51,6.434,34.635,60.13,2.705,72.58
2020-06-14,OWID_WRL,,World,7737456.0,133627.0,430255.0,4202.0,992.643,17.143,55.198,0.539,,,,,,,,,,,7794798729.0,58.045,30.9,8.696,5.355,15469.207,10.0,233.07,8.51,6.434,34.635,60.13,2.705,72.58
2020-06-15,OWID_WRL,,World,7858917.0,121461.0,433394.0,3139.0,1008.2260000000001,15.582,55.6,0.40299999999999997,,,,,,,,,,,7794798729.0,58.045,30.9,8.696,5.355,15469.207,10.0,233.07,8.51,6.434,34.635,60.13,2.705,72.58
2020-06-16,OWID_WRL,,World,7977497.0,118580.0,436767.0,3373.0,1023.438,15.213,56.033,0.433,,,,,,,,,,,7794798729.0,58.045,30.9,8.696,5.355,15469.207,10.0,233.07,8.51,6.434,34.635,60.13,2.705,72.58
2020-06-17,OWID_WRL,,World,8118704.0,141207.0,443622.0,6855.0,1041.5539999999999,18.116,56.913000000000004,0.879,,,,,,,,,,,7794798729.0,58.045,30.9,8.696,5.355,15469.207,10.0,233.07,8.51,6.434,34.635,60.13,2.705,72.58
2020-06-18,OWID_WRL,,World,8295350.0,176646.0,448865.0,5243.0,1064.2160000000001,22.662,57.585,0.6729999999999999,,,,,,,,,,,7794798729.0,58.045,30.9,8.696,5.355,15469.207,10.0,233.07,8.51,6.434,34.635,60.13,2.705,72.58
2020-06-19,OWID_WRL,,World,8433787.0,138437.0,455193.0,6328.0,1081.976,17.76,58.397,0.812,,,,,,,,,,,7794798729.0,58.045,30.9,8.696,5.355,15469.207,10.0,233.07,8.51,6.434,34.635,60.13,2.705,72.58
2020-06-20,OWID_WRL,,World,8612889.0,179102.0,460284.0,5091.0,1104.953,22.976999999999997,59.05,0.653,,,,,,,,,,,7794798729.0,58.045,30.9,8.696,5.355,15469.207,10.0,233.07,8.51,6.434,34.635,60.13,2.705,72.58
2020-06-21,OWID_WRL,,World,8772507.0,159618.0,464430.0,4146.0,1125.431,20.477999999999998,59.582,0.532,,,,,,,,,,,7794798729.0,58.045,30.9,8.696,5.355,15469.207,10.0,233.07,8.51,6.434,34.635,60.13,2.705,72.58
2020-06-22,OWID_WRL,,World,8901383.0,128876.0,468387.0,3957.0,1141.964,16.534000000000002,60.09,0.508,,,,,,,,,,,7794798729.0,58.045,30.9,8.696,5.355,15469.207,10.0,233.07,8.51,6.434,34.635,60.13,2.705,72.58
2020-06-23,OWID_WRL,,World,9037712.0,136329.0,471832.0,3445.0,1159.454,17.49,60.532,0.442,,,,,,,,,,,7794798729.0,58.045,30.9,8.696,5.355,15469.207,10.0,233.07,8.51,6.434,34.635,60.13,2.705,72.58
2020-06-24,OWID_WRL,,World,9202199.0,164487.0,477273.0,5441.0,1180.556,21.101999999999997,61.23,0.698,,,,,,,,,,,7794798729.0,58.045,30.9,8.696,5.355,15469.207,10.0,233.07,8.51,6.434,34.635,60.13,2.705,72.58
2020-06-25,OWID_WRL,,World,9376982.0,174783.0,482581.0,5308.0,1202.979,22.423000000000002,61.911,0.6809999999999999,,,,,,,,,,,7794798729.0,58.045,30.9,8.696,5.355,15469.207,10.0,233.07,8.51,6.434,34.635,60.13,2.705,72.58
2020-06-26,OWID_WRL,,World,9556010.0,179028.0,489206.0,6625.0,1225.947,22.968000000000004,62.761,0.85,,,,,,,,,,,7794798729.0,58.045,30.9,8.696,5.355,15469.207,10.0,233.07,8.51,6.434,34.635,60.13,2.705,72.58
2020-06-27,OWID_WRL,,World,9744725.0,188715.0,493912.0,4706.0,1250.157,24.21,63.364,0.604,,,,,,,,,,,7794798729.0,58.045,30.9,8.696,5.355,15469.207,10.0,233.07,8.51,6.434,34.635,60.13,2.705,72.58
2020-06-28,OWID_WRL,,World,9925998.0,181273.0,498549.0,4637.0,1273.413,23.256,63.958999999999996,0.595,,,,,,,,,,,7794798729.0,58.045,30.9,8.696,5.355,15469.207,10.0,233.07,8.51,6.434,34.635,60.13,2.705,72.58
2020-06-29,OWID_WRL,,World,10085785.0,159787.0,501601.0,3052.0,1293.912,20.499000000000002,64.351,0.392,,,,,,,,,,,7794798729.0,58.045,30.9,8.696,5.355,15469.207,10.0,233.07,8.51,6.434,34.635,60.13,2.705,72.58
2020-06-30,OWID_WRL,,World,10245746.0,159961.0,505323.0,3722.0,1314.434,20.522,64.828,0.47700000000000004,,,,,,,,,,,7794798729.0,58.045,30.9,8.696,5.355,15469.207,10.0,233.07,8.51,6.434,34.635,60.13,2.705,72.58
2020-07-01,OWID_WRL,,World,10437812.0,192066.0,511051.0,5728.0,1339.0739999999998,24.64,65.563,0.735,,,,,,,,,,,7794798729.0,58.045,30.9,8.696,5.355,15469.207,10.0,233.07,8.51,6.434,34.635,60.13,2.705,72.58
2020-07-02,OWID_WRL,,World,10638743.0,200931.0,515991.0,4940.0,1364.852,25.778000000000002,66.197,0.634,,,,,,,,,,,7794798729.0,58.045,30.9,8.696,5.355,15469.207,10.0,233.07,8.51,6.434,34.635,60.13,2.705,72.58
2020-07-03,OWID_WRL,,World,10847628.0,208885.0,521142.0,5151.0,1391.65,26.798000000000002,66.858,0.6609999999999999,,,,,,,,,,,7794798729.0,58.045,30.9,8.696,5.355,15469.207,10.0,233.07,8.51,6.434,34.635,60.13,2.705,72.58
2020-07-04,OWID_WRL,,World,11053238.0,205610.0,526242.0,5100.0,1418.027,26.378,67.512,0.654,,,,,,,,,,,7794798729.0,58.045,30.9,8.696,5.355,15469.207,10.0,233.07,8.51,6.434,34.635,60.13,2.705,72.58
2020-07-05,OWID_WRL,,World,11243937.0,190699.0,530601.0,4359.0,1442.4920000000002,24.465,68.071,0.5589999999999999,,,,,,,,,,,7794798729.0,58.045,30.9,8.696,5.355,15469.207,10.0,233.07,8.51,6.434,34.635,60.13,2.705,72.58
2020-07-06,OWID_WRL,,World,11421901.0,177964.0,533973.0,3372.0,1465.3229999999999,22.831,68.50399999999999,0.433,,,,,,,,,,,7794798729.0,58.045,30.9,8.696,5.355,15469.207,10.0,233.07,8.51,6.434,34.635,60.13,2.705,72.58
2020-07-07,OWID_WRL,,World,11597571.0,175670.0,537817.0,3844.0,1487.86,22.537,68.997,0.493,,,,,,,,,,,7794798729.0,58.045,30.9,8.696,5.355,15469.207,10.0,233.07,8.51,6.434,34.635,60.13,2.705,72.58
2020-07-08,OWID_WRL,,World,11804518.0,206947.0,543916.0,6099.0,1514.41,26.549,69.779,0.782,,,,,,,,,,,7794798729.0,58.045,30.9,8.696,5.355,15469.207,10.0,233.07,8.51,6.434,34.635,60.13,2.705,72.58
2020-07-09,OWID_WRL,,World,12020005.0,215487.0,549286.0,5370.0,1542.055,27.645,70.468,0.6890000000000001,,,,,,,,,,,7794798729.0,58.045,30.9,8.696,5.355,15469.207,10.0,233.07,8.51,6.434,34.635,60.13,2.705,72.58
2020-07-10,OWID_WRL,,World,12245292.0,225287.0,554726.0,5440.0,1570.957,28.901999999999997,71.166,0.698,,,,,,,,,,,7794798729.0,58.045,30.9,8.696,5.355,15469.207,10.0,233.07,8.51,6.434,34.635,60.13,2.705,72.58
2020-07-11,OWID_WRL,,World,12476948.0,231656.0,560029.0,5303.0,1600.6760000000002,29.719,71.846,0.68,,,,,,,,,,,7794798729.0,58.045,30.9,8.696,5.355,15469.207,10.0,233.07,8.51,6.434,34.635,60.13,2.705,72.58
2020-07-12,OWID_WRL,,World,12694634.0,217686.0,564943.0,4914.0,1628.6029999999998,27.927,72.477,0.63,,,,,,,,,,,7794798729.0,58.045,30.9,8.696,5.355,15469.207,10.0,233.07,8.51,6.434,34.635,60.13,2.705,72.58
2020-07-13,OWID_WRL,,World,12890027.0,195393.0,568836.0,3893.0,1653.67,25.066999999999997,72.976,0.499,,,,,,,,,,,7794798729.0,58.045,30.9,8.696,5.355,15469.207,10.0,233.07,8.51,6.434,34.635,60.13,2.705,72.58
2020-07-14,OWID_WRL,,World,13079232.0,189205.0,572674.0,3838.0,1677.944,24.273000000000003,73.469,0.49200000000000005,,,,,,,,,,,7794798729.0,58.045,30.9,8.696,5.355,15469.207,10.0,233.07,8.51,6.434,34.635,60.13,2.705,72.58
2020-07-15,OWID_WRL,,World,13302788.0,223556.0,578347.0,5673.0,1706.624,28.68,74.197,0.728,,,,,,,,,,,7794798729.0,58.045,30.9,8.696,5.355,15469.207,10.0,233.07,8.51,6.434,34.635,60.13,2.705,72.58
2020-07-16,OWID_WRL,,World,13534691.0,231903.0,583928.0,5581.0,1736.375,29.750999999999998,74.913,0.716,,,,,,,,,,,7794798729.0,58.045,30.9,8.696,5.355,15469.207,10.0,233.07,8.51,6.434,34.635,60.13,2.705,72.58
2020-07-17,OWID_WRL,,World,13789183.0,254492.0,589729.0,5801.0,1769.024,32.649,75.657,0.7440000000000001,,,,,,,,,,,7794798729.0,58.045,30.9,8.696,5.355,15469.207,10.0,233.07,8.51,6.434,34.635,60.13,2.705,72.58
2020-07-18,OWID_WRL,,World,14043730.0,254547.0,597193.0,7464.0,1801.68,32.656,76.61399999999999,0.958,,,,,,,,,,,7794798729.0,58.045,30.9,8.696,5.355,15469.207,10.0,233.07,8.51,6.434,34.635,60.13,2.705,72.58
2020-07-19,OWID_WRL,,World,14273703.0,229973.0,602162.0,4969.0,1831.183,29.503,77.252,0.637,,,,,,,,,,,7794798729.0,58.045,30.9,8.696,5.355,15469.207,10.0,233.07,8.51,6.434,34.635,60.13,2.705,72.58
2020-07-20,OWID_WRL,,World,14483037.0,209334.0,606011.0,3849.0,1858.039,26.855999999999998,77.74600000000001,0.494,,,,,,,,,,,7794798729.0,58.045,30.9,8.696,5.355,15469.207,10.0,233.07,8.51,6.434,34.635,60.13,2.705,72.58
2020-07-21,OWID_WRL,,World,14684437.0,201400.0,610119.0,4108.0,1883.876,25.838,78.273,0.527,,,,,,,,,,,7794798729.0,58.045,30.9,8.696,5.355,15469.207,10.0,233.07,8.51,6.434,34.635,60.13,2.705,72.58
2020-07-22,OWID_WRL,,World,14924113.0,239676.0,616327.0,6208.0,1914.625,30.748,79.069,0.7959999999999999,,,,,,,,,,,7794798729.0,58.045,30.9,8.696,5.355,15469.207,10.0,233.07,8.51,6.434,34.635,60.13,2.705,72.58
2020-07-23,OWID_WRL,,World,15205787.0,281674.0,623282.0,6955.0,1950.761,36.135999999999996,79.961,0.892,,,,,,,,,,,7794798729.0,58.045,30.9,8.696,5.355,15469.207,10.0,233.07,8.51,6.434,34.635,60.13,2.705,72.58
2020-07-24,OWID_WRL,,World,15482117.0,276330.0,633109.0,9827.0,1986.211,35.451,81.222,1.261,,,,,,,,,,,7794798729.0,58.045,30.9,8.696,5.355,15469.207,10.0,233.07,8.51,6.434,34.635,60.13,2.705,72.58
2020-07-25,OWID_WRL,,World,15766005.0,283888.0,639474.0,6365.0,2022.631,36.42,82.039,0.8170000000000001,,,,,,,,,,,7794798729.0,58.045,30.9,8.696,5.355,15469.207,10.0,233.07,8.51,6.434,34.635,60.13,2.705,72.58
2020-07-26,OWID_WRL,,World,16025492.0,259487.0,645252.0,5778.0,2055.9210000000003,33.29,82.78,0.741,,,,,,,,,,,7794798729.0,58.045,30.9,8.696,5.355,15469.207,10.0,233.07,8.51,6.434,34.635,60.13,2.705,72.58
2020-07-27,OWID_WRL,,World,16257311.0,231819.0,649219.0,3967.0,2085.661,29.74,83.289,0.509,,,,,,,,,,,7794798729.0,58.045,30.9,8.696,5.355,15469.207,10.0,233.07,8.51,6.434,34.635,60.13,2.705,72.58
2020-07-28,OWID_WRL,,World,16469545.0,212234.0,653876.0,4657.0,2112.889,27.228,83.88600000000001,0.597,,,,,,,,,,,7794798729.0,58.045,30.9,8.696,5.355,15469.207,10.0,233.07,8.51,6.434,34.635,60.13,2.705,72.58
2020-07-29,OWID_WRL,,World,16713166.0,243621.0,660132.0,6256.0,2144.143,31.254,84.689,0.8029999999999999,,,,,,,,,,,7794798729.0,58.045,30.9,8.696,5.355,15469.207,10.0,233.07,8.51,6.434,34.635,60.13,2.705,72.58
2020-07-30,OWID_WRL,,World,17011249.0,298083.0,666849.0,6717.0,2182.385,38.241,85.551,0.862,,,,,,,,,,,7794798729.0,58.045,30.9,8.696,5.355,15469.207,10.0,233.07,8.51,6.434,34.635,60.13,2.705,72.58
2020-07-31,OWID_WRL,,World,17301695.0,290446.0,673279.0,6430.0,2219.646,37.262,86.375,0.825,,,,,,,,,,,7794798729.0,58.045,30.9,8.696,5.355,15469.207,10.0,233.07,8.51,6.434,34.635,60.13,2.705,72.58
2020-08-01,OWID_WRL,,World,17580590.0,278895.0,679488.0,6209.0,2255.426,35.78,87.17200000000001,0.797,,,,,,,,,,,7794798729.0,58.045,30.9,8.696,5.355,15469.207,10.0,233.07,8.51,6.434,34.635,60.13,2.705,72.58
2020-08-02,OWID_WRL,,World,17842725.0,262135.0,685265.0,5777.0,2289.055,33.629,87.913,0.741,,,,,,,,,,,7794798729.0,58.045,30.9,8.696,5.355,15469.207,10.0,233.07,8.51,6.434,34.635,60.13,2.705,72.58
2020-08-03,OWID_WRL,,World,18065630.0,222905.0,689236.0,3971.0,2317.652,28.596999999999998,88.42299999999999,0.509,,,,,,,,,,,7794798729.0,58.045,30.9,8.696,5.355,15469.207,10.0,233.07,8.51,6.434,34.635,60.13,2.705,72.58
2020-08-04,OWID_WRL,,World,18270389.0,204759.0,693734.0,4498.0,2343.9210000000003,26.269000000000002,89.0,0.5770000000000001,,,,,,,,,,,7794798729.0,58.045,30.9,8.696,5.355,15469.207,10.0,233.07,8.51,6.434,34.635,60.13,2.705,72.58
2020-08-05,OWID_WRL,,World,18524069.0,253680.0,700543.0,6809.0,2376.465,32.545,89.87299999999999,0.8740000000000001,,,,,,,,,,,7794798729.0,58.045,30.9,8.696,5.355,15469.207,10.0,233.07,8.51,6.434,34.635,60.13,2.705,72.58
2020-08-06,OWID_WRL,,World,18799126.0,275057.0,707712.0,7169.0,2411.7529999999997,35.287,90.79299999999999,0.92,,,,,,,,,,,7794798729.0,58.045,30.9,8.696,5.355,15469.207,10.0,233.07,8.51,6.434,34.635,60.13,2.705,72.58
2020-08-07,OWID_WRL,,World,19083836.0,284710.0,714623.0,6911.0,2448.278,36.525999999999996,91.679,0.887,,,,,,,,,,,7794798729.0,58.045,30.9,8.696,5.355,15469.207,10.0,233.07,8.51,6.434,34.635,60.13,2.705,72.58
2020-08-08,OWID_WRL,,World,19358649.0,274813.0,721172.0,6549.0,2483.534,35.256,92.52,0.84,,,,,,,,,,,7794798729.0,58.045,30.9,8.696,5.355,15469.207,10.0,233.07,8.51,6.434,34.635,60.13,2.705,72.58
2020-08-09,OWID_WRL,,World,19625682.0,267033.0,726842.0,5670.0,2517.792,34.258,93.24700000000001,0.727,,,,,,,,,,,7794798729.0,58.045,30.9,8.696,5.355,15469.207,10.0,233.07,8.51,6.434,34.635,60.13,2.705,72.58
2020-08-10,OWID_WRL,,World,19854874.0,229192.0,731330.0,4488.0,2547.195,29.403000000000002,93.823,0.5760000000000001,,,,,,,,,,,7794798729.0,58.045,30.9,8.696,5.355,15469.207,10.0,233.07,8.51,6.434,34.635,60.13,2.705,72.58
2020-08-11,OWID_WRL,,World,20075600.0,220726.0,736372.0,5042.0,2575.512,28.316999999999997,94.47,0.647,,,,,,,,,,,7794798729.0,58.045,30.9,8.696,5.355,15469.207,10.0,233.07,8.51,6.434,34.635,60.13,2.705,72.58
